Acanthisitta_chloris	0
Actinodura_nipalensis	1
Minla_strigula	1
Minla_ignotincta	1
Actinodura_ramsayi	1
Actinodura_egertoni	1
Minla_cyanouroptera	1
Liocichla_phoenicea	1
Liocichla_omeiensis	1
Liocichla_steerii	1
Leiothrix_lutea	1
Leiothrix_argentauris	1
Heterophasia_melanoleuca	1
Heterophasia_capistrata	1
Garrulax_cineraceus	1
Garrulax_maximus	1
Garrulax_ocellatus	1
Garrulax_leucolophus	1
Garrulax_canorus	1
Garrulax_taewanus	1
Babax_lanceolatus	1
Garrulax_mitratus	1
Garrulax_sannio	1
Garrulax_perspicillatus	1
Garrulax_chinensis	1
Garrulax_pectoralis	1
Garrulax_davidi	1
Garrulax_albogularis	1
Garrulax_poecilorhynchus	1
Garrulax_vassali	1
Kupeornis_gilberti	1
Phyllanthus_atripennis	1
Turdoides_plebejus	1
Turdoides_jardineii	?
Turdoides_bicolor	1
Turdoides_rubiginosa	1
Garrulax_morrisonianus	1
Garrulax_elliotii	1
Garrulax_affinis	1
Garrulax_variegatus	1
Garrulax_milnei	1
Garrulax_erythrocephalus	1
Garrulax_lineatus	1
Garrulax_subunicolor	1
Garrulax_squamatus	1
Cutia_nipalensis	1
Napothera_epilepidota	1
Napothera_brevicaudata	1
Napothera_crassa	1
Malacocincla_abbotti	1
Illadopsis_puveli	1
Illadopsis_cleaveri	1
Illadopsis_albipectus	1
Illadopsis_fulvescens	1
Illadopsis_pyrrhoptera	1
Illadopsis_rufipennis	1
Kenopia_striata	1
Pellorneum_tickelli	1
Trichastoma_bicolor	1
Pellorneum_ruficeps	1
Pellorneum_capistratum	1
Malacocincla_malaccensis	1
Malacopteron_magnirostre	1
Malacopteron_cinereum	1
Schoeniparus_brunnea	1
Schoeniparus_dubia	1
Schoeniparus_rufogularis	1
Schoeniparus_cinerea	1
Schoeniparus_castaneceps	1
Gampsorhynchus_rufulus	1
Turdinus_macrodactylus	1
Graminicola_bengalensis	1
Alcippe_poioicephala	1
Alcippe_grotei	1
Alcippe_morrisonia	1
Alcippe_peracensis	1
Macronous_ptilosus	1
Stachyridopsis_rufifrons	1
Stachyridopsis_ruficeps	1
Stachyris_erythroptera	1
Stachyridopsis_chrysaea	1
Macronous_striaticeps	1
Dumetia_hyperythra	1
Timalia_pileata	1
Macronous_gularis	1
Pomatorhinus_ochraceiceps	1
Pomatorhinus_ferruginosus	1
Pomatorhinus_schisticeps	1
Pomatorhinus_ruficollis	1
Pomatorhinus_montanus	1
Xiphirhynchus_superciliaris	1
Stachyris_nigriceps	1
Stachyris_poliocephala	1
Stachyris_striolata	1
Pomatorhinus_erythrogenys	1
Pomatorhinus_hypoleucos	1
Spelaeornis_chocolatinus	1
Chlorocharis_emiliae	1
Zosterops_chloris	1
Zosterops_atrifrons	1
Zosterops_borbonicus	1
Zosterops_pallidus	1
Zosterops_senegalensis	1
Zosterops_modestus	1
Zosterops_maderaspatanus	1
Zosterops_lugubris	1
Zosterops_palpebrosus	1
Zosterops_mouroniensis	1
Zosterops_rennellianus	1
Zosterops_griseotinctus	1
Zosterops_murphyi	1
Zosterops_fuscicapilla	1
Zosterops_flavifrons	1
Woodfordia_superciliosa	1
Zosterops_cinereus	1
Zosterops_metcalfii	1
Zosterops_luteus	1
Zosterops_citrinella	1
Zosterops_abyssinicus	1
Zosterops_japonicus	1
Zosterops_poliogastrus	1
Lophozosterops_javanicus	1
Lophozosterops_superciliaris	1
Zosterornis_latistriatus	1
Cleptornis_marchei	1
Sterrhoptilus_dennistouni	1
Yuhina_flavicollis	1
Yuhina_bakeri	1
Yuhina_gularis	1
Yuhina_occipitalis	1
Yuhina_nigrimenta	1
Yuhina_brunneiceps	1
Yuhina_castaniceps	1
Yuhina_everetti	1
Yuhina_diademata	1
Parisoma_subcaeruleum	1
Sylvia_conspicillata	1
Sylvia_undata	1
Sylvia_deserticola	1
Sylvia_balearica	1
Sylvia_sarda	1
Sylvia_communis	1
Sylvia_cantillans	1
Sylvia_mystacea	1
Sylvia_rueppelli	1
Sylvia_melanothorax	1
Sylvia_melanocephala	1
Sylvia_leucomelaena	1
Parisoma_lugens	1
Sylvia_buryi	1
Sylvia_hortensis	1
Sylvia_curruca	1
Parisoma_layardi	1
Parisoma_boehmi	1
Sylvia_nisoria	1
Sylvia_nana	1
Sylvia_borin	1
Parophasma_galinieri	1
Lioptilus_nigricapillus	1
Pseudoalcippe_abyssinica	1
Horizorhinus_dohrni	1
Sylvia_atricapilla	1
Chrysomma_sinense	1
Fulvetta_striaticollis	1
Fulvetta_vinipectus	1
Fulvetta_cinereiceps	1
Rhopophilus_pekinensis	1
Paradoxornis_nipalensis	1
Paradoxornis_davidianus	1
Paradoxornis_webbianus	1
Paradoxornis_alphonsianus	1
Paradoxornis_gularis	1
Paradoxornis_guttaticollis	1
Chamaea_fasciata	1
Lioparus_chrysotis	1
Myzornis_pyrrhouraB	1
Pycnonotus_brunneus	1
Pycnonotus_plumosus	1
Pycnonotus_simplex	1
Pycnonotus_taivanus	1
Pycnonotus_sinensis	1
Pycnonotus_xanthorrhous	1
Pycnonotus_jocosus	1
Pycnonotus_nigricans	1
Pycnonotus_barbatus	1
Pycnonotus_capensis	1
Pycnonotus_leucogenys	1
Pycnonotus_xanthopygos	1
Pycnonotus_cafer	1
Pycnonotus_goiavier	1
Pycnonotus_flavescens	1
Pycnonotus_zeylanicus	1
Pycnonotus_finlaysoni	1
Spizixos_semitorques	1
Pycnonotus_erythropthalmos	1
Pycnonotus_cyaniventris	1
Pycnonotus_melanicterus	1
Pycnonotus_melanoleucus	1
Pycnonotus_eutilotus	1
Pycnonotus_atriceps	1
Pycnonotus_urostictus	1
Alophoixus_pallidus	1
Alophoixus_ochraceus	1
Alophoixus_flaveolus	1
Alophoixus_bres	1
Iole_propinqua	1
Hypsipetes_olivaceus	1
Hypsipetes_borbonicus	1
Hypsipetes_leucocephalus	1
Hypsipetes_parvirostris	1
Hypsipetes_crassirostris	1
Hypsipetes_amaurotis	1
Hypsipetes_philippinus	1
Hemixos_cinereus	1
Hemixos_flavala	1
Hemixos_castanonotus	1
Ixos_mcclellandii	1
Ixos_malaccensis	1
Baeopogon_clamans	1
Baeopogon_indicator	1
Chlorocichla_flaviventris	1
Thescelocichla_leucopleura	1
Ixonotus_guttatus	1
Atimastillas_flavicollis	1
Arizelocichla_milanjensis	1
Arizelocichla_nigriceps	1
Arizelocichla_masukuensis	1
Arizelocichla_tephrolaemus	1
Bleda_notatus	1
Bleda_canicapillus	1
Bleda_syndactylus	1
Phyllastrephus_flavostriatus	1
Phyllastrephus_poensis	1
Phyllastrephus_cabanisi	1
Phyllastrephus_cerviniventris	1
Phyllastrephus_terrestris	1
Phyllastrephus_scandens	1
Phyllastrephus_debilis	1
Phyllastrephus_icterinus	1
Phyllastrephus_albigularis	1
Phyllastrephus_xavieri	1
Eurillas_latirostris	1
Eurillas_virens	1
Eurillas_gracilis	1
Criniger_chloronotus	1
Criniger_calurus	1
Andropadus_importunus	1
Stelgidillas_gracilirostris	1
Calyptocichla_serina	1
Pnoepyga_pusilla	1
Pnoepyga_albiventer	1
Riparia_riparia	0
Riparia_diluta	0
Riparia_paludicola	0
Tachycineta_thalassina	0
Tachycineta_cyaneoviridis	0
Tachycineta_euchrysea	0
Tachycineta_bicolor	0
Tachycineta_leucorrhoa	0
Tachycineta_meyeni	0
Tachycineta_stolzmanni	0
Tachycineta_albiventer	0
Tachycineta_albilinea	0
Stelgidopteryx_serripennis	0
Stelgidopteryx_ruficollis	0
Progne_dominicensis	0
Progne_cryptoleuca	0
Progne_chalybea	0
Progne_modesta	0
Progne_elegans	0
Progne_subis	0
Progne_tapera	0
Orochelidon_andecola	0
Orochelidon_murina	0
Orochelidon_flavipes	0
Alopochelidon_fucata	0
Pygochelidon_melanoleuca	0
Pygochelidon_cyanoleuca	0
Atticora_pileata	0
Atticora_tibialis	0
Atticora_fasciata	0
Phedina_brazzae	0
Riparia_cincta	0
Phedina_borbonica	0
Delichon_dasypus	1
Delichon_nipalense	1
Delichon_urbicum	1
Cecropis_daurica	1
Cecropis_striolata	1
Cecropis_abyssinica	1
Petrochelidon_rufocollaris	1
Cecropis_semirufa	1
Petrochelidon_pyrrhonota	?
Petrochelidon_fulva	1
Petrochelidon_preussi	1
Petrochelidon_rufigula	1
Petrochelidon_nigricans	0
Petrochelidon_ariel	1
Petrochelidon_spilodera	1
Hirundo_atrocaerulea	1
Hirundo_nigrorufa	1
Hirundo_tahitica	1
Hirundo_neoxena	1
Hirundo_nigrita	1
Hirundo_angolensis	1
Hirundo_lucida	1
Hirundo_aethiopica	1
Hirundo_rustica	?
Hirundo_smithii	1
Hirundo_albigularis	1
Hirundo_leucosoma	1
Cecropis_cucullata	1
Hirundo_megaensis	1
Hirundo_dimidiata	1
Ptyonoprogne_rupestris	1
Ptyonoprogne_fuligula	1
Ptyonoprogne_concolor	1
Pseudhirundo_griseopyga	0
Cheramoeca_leucosterna	0
Psalidoprocne_obscura	0
Psalidoprocne_fuliginosa	0
Psalidoprocne_pristoptera	0
Psalidoprocne_albiceps	0
Psalidoprocne_nitens	0
Pseudochelidon_eurystomina	0
Phylloscopus_fuscatus	1
Phylloscopus_sindianus	1
Phylloscopus_collybita	1
Phylloscopus_trochilus	1
Phylloscopus_subaffinis	1
Phylloscopus_griseolus	1
Phylloscopus_affinis	1
Phylloscopus_schwarzi	1
Phylloscopus_tytleri	1
Phylloscopus_bonelli	1
Phylloscopus_sibilatrix	1
Phylloscopus_orientalis	1
Phylloscopus_pulcher	1
Phylloscopus_chloronotus	1
Phylloscopus_proregulus	1
Phylloscopus_inornatus	1
Phylloscopus_humei	1
Phylloscopus_yunnanensis	1
Seicercus_whistleri	1
Seicercus_poliogenys	1
Seicercus_affinis	1
Seicercus_tephrocephalus	1
Seicercus_castaniceps	1
Seicercus_montis	1
Phylloscopus_borealis	1
Phylloscopus_magnirostris	1
Phylloscopus_tenellipes	1
Phylloscopus_nitidus	1
Phylloscopus_plumbeitarsus	1
Phylloscopus_reguloides	1
Phylloscopus_trivirgatus	1
Phylloscopus_poliocephalus	1
Phylloscopus_xanthoschistos	1
Phylloscopus_davisoni	1
Phylloscopus_hainanus	1
Phylloscopus_cantator	1
Phylloscopus_coronatus	1
Phylloscopus_occipitalis	1
Phylloscopus_laetus	1
Phylloscopus_umbrovirens	1
Phylloscopus_ruficapilla	1
Urosphena_squameiceps	1
Cettia_cetti	1
Cettia_acanthizoides	1
Cettia_flavolivacea	1
Cettia_fortipes	1
Cettia_vulcania	1
Cettia_ruficapilla	1
Cettia_annae	1
Cettia_diphone	1
Cettia_brunnifrons	1
Tickellia_hodgsoni	1
Abroscopus_albogularis	1
Abroscopus_schisticeps	1
Abroscopus_superciliaris	1
Scotocerca_inquieta	1
Sylvietta_virens	1
Sylvietta_brachyura	0
Sylvietta_rufescens	0
Aegithalos_niveogularis	1
Aegithalos_bonvaloti	1
Aegithalos_caudatus	1
Aegithalos_iouschistos	1
Aegithalos_leucogenys	1
Aegithalos_concinnus	1
Psaltriparus_minimus	1
Leptopoecile_sophiae	1
Pholidornis_rushiae	1
Hylia_prasina	1
Erythrocercus_mccallii	1
Artisornis_metopias	1
Apalis_pulchra	1
Apalis_ruwenzorii	1
Schistolais_leucopogon	1
Camaroptera_chloronota	1
Camaroptera_brachyura	1
Eremomela_gregalis	1
Spiloptila_clamans	1
Apalis_cinerea	1
Apalis_melanocephala	1
Apalis_binotata	1
Apalis_flavida	1
Apalis_jacksoni	1
Apalis_thoracica	1
Cisticola_anonymus	1
Cisticola_fulvicapilla	1
Cisticola_cherina	1
Cisticola_cantans	1
Cisticola_galactotes	1
Cisticola_juncidis	1
Euryptila_subcinnamomea	1
Hypergerus_atriceps	1
Eminia_lepida	1
Bathmocercus_rufus	1
Incana_incanus	1
Prinia_erythroptera	1
Prinia_subflava	1
Prinia_bairdii	1
Prinia_atrogularis	1
Prinia_familiaris	1
Prinia_crinigera	1
Orthotomus_atrogularis	1
Orthotomus_sericeus	1
Orthotomus_sutorius	1
Neomixis_tenella	1
Neomixis_striatigula	1
Acrocephalus_paludicola	1
Acrocephalus_bistrigiceps	1
Acrocephalus_melanopogon	1
Acrocephalus_schoenobaenus	1
Acrocephalus_aequinoctialis	1
Acrocephalus_australis	1
Acrocephalus_mendanae	1
Acrocephalus_kerearako	1
Acrocephalus_caffer	1
Acrocephalus_vaughani	1
Acrocephalus_taiti	1
Acrocephalus_atyphus	1
Acrocephalus_familiaris	1
Acrocephalus_stentoreus	1
Acrocephalus_orientalis	1
Acrocephalus_arundinaceus	1
Acrocephalus_gracilirostris	1
Acrocephalus_rufescens	1
Acrocephalus_newtoni	1
Acrocephalus_sechellensis	1
Acrocephalus_scirpaceus	1
Acrocephalus_baeticatus	1
Acrocephalus_palustris	1
Acrocephalus_dumetorum	1
Acrocephalus_agricola	1
Acrocephalus_concinens	1
Hippolais_rama	1
Hippolais_caligata	1
Chloropeta_natalensis	1
Chloropeta_similis	1
Hippolais_pallida	1
Hippolais_opaca	1
Acrocephalus_aedon	1
Hippolais_icterina	1
Hippolais_polyglotta	1
Hippolais_languida	1
Hippolais_olivetorum	1
Nesillas_typica	1
Locustella_ochotensis	1
Locustella_certhiola	1
Megalurus_pryeri	1
Locustella_fasciolata	1
Bradypterus_thoracicus	1
Bradypterus_davidi	1
Bradypterus_alishanensis	1
Bradypterus_luteoventris	1
Locustella_naevia	1
Bradypterus_major	1
Bradypterus_tacsanowskius	1
Locustella_luscinioides	1
Locustella_fluviatilis	1
Locustella_lanceolata	1
Megalurus_gramineus	1
Bradypterus_baboecala	1
Bradypterus_barratti	1
Bradypterus_sylvaticus	1
Bradypterus_cinnamomeus	1
Bradypterus_lopezi	1
Schoenicola_brevirostris	1
Cincloramphus_mathewsi	1
Megalurus_palustris	1
Eremiornis_carteri	1
Megalurus_punctatus	1
Megalurus_timoriensis	1
Cincloramphus_cruralis	1
Donacobius_atricapilla	1
Xanthomixis_zosterops	1
Xanthomixis_cinereiceps	1
Crossleyia_xanthophrys	1
Hartertula_flavoviridis	1
Oxylabes_madagascariensis	1
Thamnornis_chloropetoides	1
Melocichla_mentalis	1
Achaetops_pycnopygius	1
Sphenoeacus_afer	1
Sylvietta_leucophrys	1
Sylvietta_whytii	0
Cryptillas_victorini	1
Sylvietta_denti	1
Nicator_chloris	1
Nicator_vireo	1
Ammomanes_deserti	1
Certhilauda_benguelensis	1
Certhilauda_subcoronata	1
Certhilauda_brevirostris	1
Certhilauda_semitorquata	1
Certhilauda_chuana	1
Ammomanopsis_grayi	1
Chersomanes_albofasciata	1
Alaemon_alaudipes	1
Calendulauda_burra	1
Calendulauda_barlowi	1
Calendulauda_erythrochlamys	1
Calendulauda_albescens	1
Calendulauda_sabota	1
Alauda_gulgula	1
Alauda_arvensis	1
Galerida_cristata	1
Galerida_malabarica	1
Galerida_theklae	1
Galerida_magnirostris	1
Lullula_arborea	1
Melanocorypha_calandra	1
Melanocorypha_bimaculata	1
Calandrella_brachydactyla	1
Spizocorys_starki	1
Spizocorys_sclateri	1
Eremophila_alpestris	?
Eremophila_bilopha	1
Calandrella_acutirostris	1
Calandrella_rufescens	1
Eremalauda_dunni	1
Chersophilus_duponti	1
Eremopterix_australis	1
Mirafra_africana	1
Mirafra_passerina	1
Mirafra_javanica	1
Ammomanes_phoenicura	1
Ammomanes_cinctura	1
Eremopterix_nigriceps	1
Eremopterix_verticalis	1
Panurus_biarmicus	1
Poecile_rufescens	0
Poecile_hudsonicus	0
Poecile_cinctus	0
Poecile_sclateri	0
Poecile_gambeli	0
Poecile_atricapillus	0
Poecile_carolinensis	0
Poecile_montanus	0
Poecile_palustris	0
Poecile_davidi	0
Poecile_superciliosus	0
Sittiparus_varius	0
Poecile_lugubris	0
Baeolophus_bicolor	0
Pardaliparus_venustulus	0
Pardaliparus_elegans	0
Periparus_ater	0
Periparus_rubidiventris	0
Periparus_rufonuchalis	0
Baeolophus_inornatus	0
Baeolophus_ridgwayi	0
Baeolophus_atricristatus	0
Baeolophus_wollweberi	0
Lophophanes_cristatus	0
Lophophanes_dichrous	0
Melaniparus_niger	0
Melaniparus_albiventris	0
Melaniparus_rufiventris	0
Melaniparus_funereus	0
Macholophus_holsti	0
Parus_spilonotus	0
Parus_xanthogenys	0
Melaniparus_afer	0
Pseudopodoces_humilis	0
Parus_major	0
Parus_bokharensis	0
Parus_monticolus	0
Melanochlora_sultanea	0
Sylviparus_modestus	0
Auriparus_flaviceps	1
Anthoscopus_minutus	1
Remiz_consobrinus	1
Remiz_pendulinus	1
Elminia_longicauda	1
Elminia_albicauda	1
Elminia_albiventris	1
Elminia_albonotata	1
Elminia_nigromitrata	1
Culicicapa_ceylonensis	1
Stenostira_scita	1
Chelidorhynx_hypoxantha	1
Hyliota_flavigaster	1
Cercomela_sordida	1
Myrmecocichla_melaena	0
Myrmecocichla_arnotti	0
Myrmecocichla_nigra	0
Myrmecocichla_aethiops	0
Oenanthe_monticola	1
Thamnolaea_cinnamomeiventris	?
Saxicola_bifasciatus	0
Cercomela_sinuata	0
Cercomela_tractrac	1
Cercomela_schlegelii	1
Oenanthe_isabellina	0
Oenanthe_bottae	0
Oenanthe_pileata	0
Oenanthe_oenanthe	0
Oenanthe_cypriaca	0
Oenanthe_pleschanka	0
Oenanthe_hispanica	0
Oenanthe_deserti	0
Oenanthe_monacha	1
Cercomela_scotocerca	0
Cercomela_melanura	1
Cercomela_familiaris	0
Oenanthe_moesta	0
Oenanthe_lugens	0
Oenanthe_chrysopygia	0
Oenanthe_finschii	0
Oenanthe_albonigra	1
Oenanthe_leucopyga	?
Oenanthe_leucura	?
Cercomela_fusca	0
Oenanthe_picata	0
Myrmecocichla_albifrons	0
Oenanthe_phillipsi	1
Saxicola_ferreus	0
Saxicola_jerdoni	1
Saxicola_dacotiae	1
Saxicola_tectes	0
Saxicola_leucurus	1
Saxicola_torquatus	1
Saxicola_caprata	0
Saxicola_insignis	0
Saxicola_rubetra	1
Monticola_angolensis	?
Monticola_rupestris	0
Thamnolaea_semirufa	0
Monticola_solitarius	0
Monticola_saxatilis	?
Monticola_brevipes	?
Monticola_erythronota	0
Monticola_sharpei	?
Monticola_bensoni	?
Monticola_explorator	1
Monticola_rufiventris	0
Monticola_gularis	0
Monticola_cinclorhynchus	?
Phoenicurus_leucocephalus	0
Phoenicurus_fuliginosus	0
Phoenicurus_erythrogastrus	0
Phoenicurus_hodgsoni	0
Phoenicurus_ochruros	1
Phoenicurus_phoenicurus	0
Phoenicurus_auroreus	0
Phoenicurus_moussieri	?
Phoenicurus_erythronotus	1
Phoenicurus_schisticeps	0
Phoenicurus_caeruleocephala	1
Phoenicurus_frontalis	0
Brachypteryx_leucophrys	1
Brachypteryx_montana	1
Larvivora_brunnea	?
Larvivora_akahige	?
Larvivora_komadori	0
Larvivora_sibilans	0
Tarsiger_indicus	0
Tarsiger_chrysaeus	0
Tarsiger_johnstoniae	1
Tarsiger_cyanurus	0
Ficedula_hyperythra	0
Ficedula_dumetoria	1
Monticola_rufocinereus	0
Ficedula_mugimaki	1
Ficedula_hodgsonii	?
Ficedula_zanthopygia	0
Ficedula_narcissina	0
Ficedula_westermanni	1
Ficedula_superciliaris	0
Ficedula_sapphira	0
Ficedula_albicollis	0
Ficedula_hypoleuca	0
Ficedula_semitorquata	0
Ficedula_parva	?
Ficedula_subrubra	0
Ficedula_tricolor	?
Ficedula_strophiata	1
Cinclidium_diana	1
Cinclidium_leucurum	1
Enicurus_leschenaulti	1
Enicurus_maculatus	1
Enicurus_ruficapillus	1
Enicurus_schistaceus	1
Enicurus_scouleri	0
Myophonus_melanurus	1
Myophonus_glaucinus	0
Myophonus_caeruleus	?
Calliope_pectoralis	1
Calliope_calliope	1
Cossypha_anomala	1
Cossypha_archeri	1
Cossypha_caffra	0
Cossypha_polioptera	0
Sheppardia_bocagei	0
Sheppardia_sharpei	1
Sheppardia_gunningi	1
Sheppardia_cyornithopsis	1
Sheppardia_aequatorialis	1
Stiphrornis_erythrothorax	1
Cichladusa_guttata	1
Pogonocichla_stellata	1
Cossypha_isabellae	1
Swynnertonia_swynnertoni	?
Cossypha_cyanocampter	1
Cossypha_niveicapilla	?
Cossypha_semirufa	?
Cossypha_dichroa	0
Cossypha_heuglini	0
Cossypha_albicapilla	0
Pseudalethe_choloensis	1
Pseudalethe_fuelleborni	1
Pseudalethe_poliophrys	?
Pseudalethe_poliocephala	?
Erithacus_rubecula	0
Cossypha_humeralis	0
Niltava_sundara	0
Niltava_grandis	?
Niltava_macgrigoriae	0
Anthipes_monileger	1
Cyornis_umbratilis	1
Cyornis_poliogenys	0
Cyornis_banyumas	?
Cyornis_rubeculoides	0
Cyornis_rufigastra	1
Cyornis_unicolor	0
Cyornis_concretus	0
Eumyias_thalassinus	0
Eumyias_indigo	0
Cyanoptila_cyanomelana	0
Brachypteryx_major	0
Copsychus_albospecularis	0
Copsychus_saularis	0
Copsychus_sechellarum	0
Copsychus_fulicatus	0
Cercotrichas_paena	1
Cercotrichas_leucophrys	1
Cercotrichas_hartlaubi	1
Cercotrichas_podobe	?
Cercotrichas_galactotes	?
Copsychus_luzoniensis	0
Copsychus_malabaricus	0
Cercotrichas_quadrivirgata	?
Cercotrichas_leucosticta	0
Cercotrichas_barbata	0
Cercotrichas_coryphaeus	?
Muscicapa_aquatica	0
Muscicapa_cassini	?
Muscicapa_gambagae	?
Muscicapa_striata	?
Muscicapa_adusta	1
Muscicapa_sethsmithi	1
Muscicapa_sibirica	1
Muscicapa_ferruginea	1
Muscicapa_griseisticta	1
Muscicapa_dauurica	1
Muscicapa_muttui	1
Bradornis_microrhynchus	1
Muscicapa_infuscata	1
Namibornis_herero	1
Fraseria_ocreata	0
Myioparus_plumbeus	0
Muscicapa_caerulescens	1
Fraseria_cinerascens	0
Empidornis_semipartitus	1
Sigelus_silens	1
Bradornis_mariquensis	1
Melaenornis_edolioides	1
Bradornis_infuscatus	1
Bradornis_pallidus	1
Alethe_castanea	0
Alethe_diademata	?
Luscinia_phaenicuroides	1
Luscinia_svecica	1
Irania_gutturalis	0
Luscinia_luscinia	1
Luscinia_megarhynchos	1
Cyanistes_caeruleus	0
Cinclus_mexicanus	1
Cinclus_pallasii	1
Cinclus_cinclus	0
Muscicapella_hodgsoni	1
Turdus_lherminieri	1
Turdus_libonyanus	1
Turdus_bewsheri	1
Turdus_migratorius	1
Turdus_nigrescens	1
Turdus_infuscatus	1
Turdus_falcklandii	1
Turdus_aurantius	1
Turdus_plumbeus	1
Turdus_pelios	1
Turdus_olivaceofuscus	1
Turdus_jamaicensis	1
Turdus_menachensis	1
Turdus_swalesi	1
Turdus_ruficollis	1
Turdus_torquatus	1
Turdus_rubrocanus	1
Turdus_albocinctus	1
Turdus_kessleri	1
Turdus_maximus	1
Turdus_pilaris	1
Turdus_poliocephalus	1
Turdus_chrysolaus	1
Turdus_celaenops	1
Turdus_pallidus	1
Turdus_feae	1
Turdus_obscurus	1
Turdus_cardis	1
Turdus_hortulorum	?
Turdus_dissimilis	1
Turdus_unicolor	?
Turdus_boulboul	1
Turdus_simillimus	1
Turdus_helleri	1
Turdus_tephronotus	1
Turdus_olivaceus	1
Turdus_plebejus	1
Turdus_iliacus	1
Turdus_merula	1
Turdus_rufiventris	1
Turdus_grayi	?
Turdus_maculirostris	1
Turdus_nudigenis	1
Turdus_obsoletus	1
Nesocichla_eremita	1
Turdus_ignobilis	1
Turdus_amaurochalinus	1
Turdus_olivater	1
Turdus_chiguanco	1
Turdus_serranus	1
Turdus_fuscater	1
Turdus_nigriceps	1
Turdus_flavipes	1
Turdus_reevei	1
Turdus_lawrencii	1
Turdus_albicollis	?
Turdus_hauxwelli	1
Turdus_fumigatus	1
Turdus_leucomelas	1
Turdus_rufopalliatus	1
Turdus_leucops	1
Turdus_viscivorus	1
Turdus_philomelos	1
Turdus_mupinensis	1
Psophocichla_litsipsirupa	1
Zoothera_spiloptera	1
Zoothera_guttata	1
Zoothera_interpres	1
Zoothera_citrina	1
Zoothera_princei	1
Zoothera_camaronensis	1
Zoothera_oberlaenderi	1
Zoothera_piaggiae	1
Zoothera_gurneyi	1
Zoothera_wardii	1
Zoothera_sibirica	1
Zoothera_mollissima	1
Zoothera_dixoni	1
Zoothera_talaseae	1
Zoothera_heinei	1
Zoothera_lunulata	1
Zoothera_dauma	1
Zoothera_andromedae	1
Zoothera_marginata	1
Zoothera_monticola	1
Cochoa_viridis	1
Chlamydochaera_jefferyi	1
Entomodestes_coracinus	1
Cichlopsis_leucogenys	1
Catharus_occidentalis	1
Catharus_guttatus	1
Catharus_frantzii	1
Catharus_minimus	1
Catharus_fuscescens	1
Catharus_bicknelli	1
Catharus_gracilirostris	1
Catharus_ustulatus	1
Catharus_fuscater	1
Catharus_aurantiirostris	1
Catharus_mexicanus	1
Ridgwayia_pinicola	1
Hylocichla_mustelina	1
Ixoreus_naevius	1
Neocossyphus_fraseri	0
Neocossyphus_rufus	0
Myadestes_obscurus	?
Myadestes_elisabeth	0
Myadestes_genibarbis	0
Myadestes_melanops	0
Myadestes_ralloides	1
Myadestes_occidentalis	1
Myadestes_unicolor	1
Myadestes_townsendi	1
Sialia_currucoides	0
Sialia_sialis	0
Sialia_mexicana	0
Streptocitta_albicollis	0
Sarcops_calvus	0
Basilornis_mirandus	0
Ampeliceps_coronatus	0
Gracula_ptilogenys	0
Gracula_religiosa	0
Mino_kreffti	0
Mino_dumontii	0
Mino_anais	0
Scissirostrum_dubium	0
Enodes_erythrophris	0
Aplonis_grandis	1
Aplonis_brunneicapillus	1
Aplonis_metallica	1
Aplonis_pelzelni	0
Aplonis_insularis	0
Aplonis_tabuensis	0
Aplonis_cinerascens	0
Aplonis_panayensis	0
Aplonis_minor	0
Aplonis_cantoroides	0
Rhabdornis_mystacalis	0
Rhabdornis_inornatus	0
Spreo_albicapillus	1
Spreo_fischeri	1
Spreo_bicolor	0
Lamprotornis_pulcher	1
Lamprotornis_superbus	?
Lamprotornis_splendidus	0
Lamprotornis_ornatus	0
Lamprotornis_regius	0
Lamprotornis_nitens	0
Lamprotornis_chalcurus	0
Lamprotornis_purpureus	0
Lamprotornis_iris	0
Lamprotornis_chalybaeus	0
Lamprotornis_chloropterus	0
Lamprotornis_acuticaudus	0
Spreo_unicolor	0
Lamprotornis_mevesii	0
Lamprotornis_australis	0
Lamprotornis_caudatus	0
Lamprotornis_purpuroptera	0
Lamprotornis_hildebrandti	0
Lamprotornis_shelleyi	0
Lamprotornis_corruscus	0
Lamprotornis_purpureiceps	0
Lamprotornis_cupreocauda	0
Poeoptera_stuhlmanni	0
Poeoptera_kenricki	0
Poeoptera_lugubris	0
Pholia_femoralis	0
Pholia_sharpii	0
Speculipastor_bicolor	0
Neocichla_gutturalis	0
Saroglossa_spiloptera	0
Onychognathus_salvadorii	0
Onychognathus_blythii	0
Onychognathus_frater	0
Onychognathus_tristramii	0
Onychognathus_fulgidus	0
Onychognathus_walleri	0
Onychognathus_albirostris	0
Onychognathus_morio	1
Onychognathus_nabouroup	1
Onychognathus_tenuirostris	?
Cinnyricinclus_leucogaster	0
Saroglossa_aurata	0
Gracupica_nigricollis	1
Gracupica_contra	1
Sturnia_philippensis	0
Sturnia_sturnina	0
Sturnia_albofrontata	0
Sturnia_sinensis	0
Sturnia_malabarica	0
Sturnia_erythropygia	0
Temenuchus_pagodarum	0
Leucopsar_rothschildi	0
Acridotheres_javanicus	0
Acridotheres_fuscus	0
Acridotheres_cinereus	0
Acridotheres_cristatellus	0
Acridotheres_grandis	0
Acridotheres_albocinctus	0
Acridotheres_burmannicus	0
Acridotheres_melanopterus	0
Acridotheres_tristis	0
Acridotheres_ginginianus	0
Sturnus_sericeus	0
Sturnus_cineraceus	0
Creatophora_cinerea	1
Pastor_roseus	?
Sturnus_vulgaris	0
Sturnus_unicolor	0
Mimus_macdonaldi	1
Mimus_melanotis	1
Mimus_parvulus	1
Mimus_trifasciatus	1
Mimus_polyglottos	1
Mimus_gilvus	1
Mimus_graysoni	1
Mimus_longicaudatus	1
Mimus_dorsalis	1
Mimus_triurus	1
Mimus_saturninus	1
Mimus_thenca	1
Mimus_patagonicus	1
Mimus_gundlachii	1
Oreoscoptes_montanus	1
Toxostoma_curvirostre	1
Toxostoma_rufum	1
Toxostoma_longirostre	1
Toxostoma_ocellatum	1
Toxostoma_bendirei	1
Toxostoma_cinereum	1
Toxostoma_lecontei	1
Toxostoma_crissale	1
Toxostoma_redivivum	1
Margarops_fuscatus	?
Cinclocerthia_gutturalis	1
Cinclocerthia_ruficauda	1
Allenia_fusca	1
Ramphocinclus_brachyurus	1
Dumetella_carolinensis	1
Melanoptila_glabrirostris	1
Melanotis_caerulescens	1
Melanotis_hypoleucus	1
Buphagus_africanus	0
Buphagus_erythrorhynchus	0
Campylorhynchus_griseus	1
Campylorhynchus_chiapensis	1
Campylorhynchus_rufinucha	1
Campylorhynchus_jocosus	1
Campylorhynchus_gularis	1
Campylorhynchus_yucatanicus	1
Campylorhynchus_brunneicapillus	1
Campylorhynchus_megalopterus	1
Campylorhynchus_fasciatus	1
Campylorhynchus_albobrunneus	1
Campylorhynchus_zonatus	1
Campylorhynchus_nuchalis	1
Campylorhynchus_turdinus	0
Thryomanes_bewickii	0
Henicorhina_leucosticta	1
Thryothorus_ludovicianus	1
Troglodytes_ochraceus	0
Troglodytes_solstitialis	0
Troglodytes_rufociliatus	0
Troglodytes_musculus	0
Troglodytes_aedon	0
Troglodytes_sissonii	1
Troglodytes_brunneicollis	0
Thryorchilus_browni	0
Troglodytes_troglodytes	?
Cistothorus_platensis	1
Cistothorus_palustris	1
Cantorchilus_thoracicus	1
Cantorchilus_leucopogon	1
Cantorchilus_guarayanus	1
Cantorchilus_leucotis	1
Cantorchilus_longirostris	1
Cantorchilus_semibadius	1
Cantorchilus_nigricapillus	1
Cantorchilus_superciliaris	1
Cantorchilus_modestus	1
Pheugopedius_rutilus	1
Pheugopedius_maculipectus	1
Pheugopedius_felix	1
Pheugopedius_sclateri	1
Pheugopedius_fasciatoventris	1
Pheugopedius_mystacalis	1
Pheugopedius_genibarbis	1
Cyphorhinus_arada	1
Uropsila_leucogastra	0
Henicorhina_leucophrys	1
Thryophilus_sinaloa	1
Thryophilus_pleurostictus	1
Thryophilus_rufalbus	1
Catherpes_mexicanus	0
Salpinctes_obsoletus	?
Microcerculus_bambla	0
Polioptila_albiloris	1
Polioptila_nigriceps	1
Polioptila_californica	1
Polioptila_melanura	1
Polioptila_plumbea	1
Polioptila_caerulea	1
Polioptila_dumicola	1
Microbates_cinereiventris	1
Certhia_brachydactyla	0
Certhia_familiaris	0
Certhia_americana	0
Certhia_manipurensis	0
Certhia_himalayana	0
Tichodroma_muraria	0
Sitta_canadensis	0
Sitta_villosa	0
Sitta_whiteheadi	0
Sitta_krueperi	0
Sitta_ledanti	0
Sitta_pygmaea	0
Sitta_pusilla	0
Sitta_frontalis	0
Sitta_himalayensis	0
Sitta_europaea	0
Sitta_carolinensis	0
Sitta_neumayer	0
Sitta_tephronota	0
Salpornis_spilonotus	1
Bombycilla_japonica	1
Bombycilla_garrulus	1
Bombycilla_cedrorum	1
Ptilogonys_caudatus	1
Ptilogonys_cinereus	1
Phainopepla_nitens	1
Phainoptila_melanoxantha	1
Hypocolius_ampelinus	1
Dulus_dominicus	0
Regulus_madeirensis	1
Regulus_ignicapilla	1
Regulus_regulus	1
Regulus_calendula	1
Regulus_satrapa	1
Poospiza_melanoleuca	1
Poospiza_cinerea	1
Poospiza_torquata	1
Cypsnagra_hirundinacea	1
Donacospiza_albifrons	1
Compsospiza_garleppi	1
Compsospiza_baeri	1
Poospiza_ornata	1
Bangsia_rothschildi	1
Bangsia_edwardsi	1
Bangsia_aureocincta	1
Bangsia_arcaei	?
Wetmorethraupis_sterrhopteron	1
Thraupis_bonariensis	1
Anisognathus_melanogenys	1
Anisognathus_somptuosus	1
Anisognathus_notabilis	1
Thraupis_cyanocephala	1
Chlorornis_riefferii	1
Saltator_rufiventris	1
Chlorochrysa_phoenicotis	1
Chlorochrysa_calliparaea	1
Tangara_ruficervix	1
Tangara_cayana	1
Tangara_cucullata	1
Tangara_vitriolina	1
Tangara_palmeri	1
Tangara_guttata	1
Tangara_rufigula	1
Tangara_nigrocincta	1
Tangara_cyanicollis	1
Tangara_larvata	1
Thraupis_sayaca	1
Thraupis_episcopus	1
Thraupis_ornata	1
Thraupis_palmarum	1
Thraupis_abbas	1
Tangara_nigroviridis	1
Tangara_dowii	1
Tangara_fucosa	1
Tangara_vassorii	1
Tangara_desmaresti	1
Tangara_cyanocephala	1
Tangara_seledon	1
Tangara_lavinia	1
Tangara_gyrola	1
Tangara_chilensis	1
Tangara_inornata	1
Tangara_icterocephala	1
Tangara_florida	1
Tangara_arthus	1
Tangara_parzudakii	1
Tangara_schrankii	1
Tangara_johannae	1
Tangara_xanthocephala	1
Gubernatrix_cristata	1
Schistochlamys_melanopis	1
Cissopis_leverianus	1
Paroaria_gularis	1
Paroaria_baeri	1
Paroaria_coronata	1
Paroaria_capitata	1
Diuca_diuca	1
Lophospingus_pusillus	1
Neothraupis_fasciata	1
Stephanophorus_diadematus	1
Geospiza_fortis	1
Tiaris_obscurus	1
Tiaris_fuliginosus	1
Tiaris_bicolor	1
Melanospiza_richardsoni	1
Amaurospiza_moesta	1
Tiaris_canorus	1
Loxigilla_noctis	0
Loxipasser_anoxanthus	1
Melopyrrha_nigra	1
Loxigilla_portoricensis	1
Loxigilla_violacea	0
Tiaris_olivaceus	1
Coereba_flaveola	1
Saltator_aurantiirostris	1
Saltator_grossus	1
Saltator_coerulescens	1
Saltator_striatipectus	1
Saltator_albicollis	1
Saltator_similis	1
Saltator_atriceps	1
Saltator_atripennis	1
Saltator_maximus	1
Saltator_atricollis	1
Saltatricula_multicolor	1
Nemosia_pileata	1
Emberizoides_ypiranganus	1
Emberizoides_herbicola	1
Embernagra_platensis	1
Rhodinocichla_rosea	1
Phrygilus_fruticeti	1
Phrygilus_carbonarius	1
Porphyrospiza_caerulescens	1
Phrygilus_alaudinus	1
Hemithraupis_flavicollis	1
Chrysothlypis_chrysomelas	1
Chlorophanes_spiza	1
Sericossypha_albocristata	1
Sporophila_collaris	1
Sporophila_leucoptera	1
Sporophila_schistacea	1
Sporophila_americana	1
Sporophila_corvina	1
Sporophila_intermedia	1
Sporophila_melanogaster	1
Sporophila_hypochroma	1
Sporophila_nigrorufa	1
Sporophila_hypoxantha	1
Sporophila_palustris	1
Sporophila_castaneiventris	1
Sporophila_torqueola	1
Oryzoborus_angolensis	1
Oryzoborus_funereus	1
Oryzoborus_maximiliani	1
Oryzoborus_crassirostris	1
Diglossa_major	1
Diglossa_gloriosa	1
Diglossa_humeralis	1
Diglossa_brunneiventris	1
Diglossa_venezuelensis	1
Diglossa_albilatera	1
Diglossa_lafresnayii	1
Diglossa_plumbea	1
Diglossa_baritula	1
Diglossa_sittoides	1
Diglossa_cyanea	1
Diglossa_caerulescens	1
Phrygilus_dorsalis	1
Xenodacnis_parina	1
Haplospiza_rustica	1
Acanthidops_bairdii	1
Phrygilus_plebejus	1
Catamenia_inornata	1
Sicalis_luteola	1
Sicalis_flaveola	1
Sicalis_lutea	1
Sicalis_olivascens	0
Phrygilus_atriceps	1
Phrygilus_patagonicus	1
Phrygilus_gayi	1
Melanodera_melanodera	1
Rowettia_goughensis	1
Nesospiza_acunhae	1
Oreomanes_fraseri	1
Conirostrum_speciosum	1
Conirostrum_bicolor	1
Tachyphonus_phoenicius	1
Tachyphonus_rufus	1
Tachyphonus_coronatus	1
Ramphocelus_costaricensis	1
Ramphocelus_passerinii	1
Ramphocelus_icteronotus	1
Ramphocelus_flammigerus	1
Ramphocelus_nigrogularis	1
Ramphocelus_dimidiatus	1
Ramphocelus_carbo	1
Ramphocelus_bresilius	1
Ramphocelus_sanguinolentus	1
Lanio_versicolor	1
Eucometis_penicillata	1
Trichothraupis_melanops	1
Tachyphonus_surinamus	1
Tachyphonus_delatrii	1
Coryphospingus_cucullatus	1
Tachyphonus_cristatus	1
Tachyphonus_luctuosus	1
Rhodospingus_cruentus	1
Volatinia_jacarina	1
Conothraupis_speculigera	1
Cyanerpes_cyaneus	1
Cyanerpes_caeruleus	1
Cyanerpes_lucidus	1
Tersina_viridis	1
Dacnis_venusta	1
Dacnis_cayana	1
Spiza_americana	1
Cyanoloxia_glaucocaerulea	1
Cyanocompsa_brissonii	1
Cyanocompsa_cyanoides	1
Cyanocompsa_parellina	1
Passerina_leclancherii	1
Passerina_versicolor	1
Passerina_ciris	1
Passerina_rositae	1
Passerina_caerulea	1
Passerina_amoena	1
Passerina_cyanea	1
Piranga_erythrocephala	1
Piranga_leucoptera	1
Piranga_bidentata	1
Piranga_ludoviciana	1
Piranga_flava	1
Piranga_olivacea	1
Piranga_rubra	1
Cardinalis_sinuatus	1
Cardinalis_phoeniceus	1
Cardinalis_cardinalis	1
Caryothraustes_canadensis	1
Caryothraustes_poliogaster	1
Rhodothraupis_celaeno	1
Chlorothraupis_carmioli	1
Chlorothraupis_stolzmanni	1
Habia_rubica	1
Habia_fuscicauda	1
Habia_gutturalis	1
Granatellus_venustus	1
Granatellus_sallaei	1
Pheucticus_ludovicianus	1
Pheucticus_melanocephalus	1
Pheucticus_aureoventris	1
Pseudoleistes_guirahuro	1
Pseudoleistes_virescens	1
Xanthopsar_flavus	1
Oreopsar_bolivianus	1
Agelaioides_badius	1
Gnorimopsar_chopi	0
Chrysomus_ruficapillus	1
Chrysomus_icterocephalus	1
Agelasticus_xanthophthalmus	1
Agelasticus_cyanopus	1
Agelasticus_thilius	1
Curaeus_curaeus	1
Amblyramphus_holosericeus	1
Hypopyrrhus_pyrohypogaster	1
Lampropsar_tanagrinus	1
Gymnomystax_mexicanus	1
Macroagelaius_imthurni	1
Macroagelaius_subalaris	1
Quiscalus_quiscula	1
Quiscalus_nicaraguensis	1
Quiscalus_mexicanus	1
Quiscalus_major	1
Quiscalus_niger	1
Quiscalus_lugubris	1
Euphagus_carolinus	1
Euphagus_cyanocephalus	1
Agelaius_phoeniceus	1
Agelaius_tricolor	1
Agelaius_xanthomus	1
Agelaius_humeralis	1
Dives_warszewiczi	1
Nesopsar_nigerrimus	1
Amblycercus_holosericeus	1
Icterus_chrysocephalus	1
Icterus_cayanensis	1
Icterus_bonana	1
Icterus_dominicensis	1
Icterus_oberi	1
Icterus_laudabilis	1
Icterus_spurius	1
Icterus_prosthemelas	1
Icterus_cucullatus	1
Icterus_wagleri	1
Icterus_icterus	1
Icterus_jamacaii	1
Icterus_pectoralis	1
Icterus_graceannae	1
Icterus_croconotus	1
Icterus_mesomelas	1
Icterus_chrysater	1
Icterus_graduacauda	1
Icterus_parisorum	1
Icterus_nigrogularis	1
Icterus_gularis	1
Icterus_auratus	1
Icterus_bullockii	1
Icterus_galbula	1
Icterus_leucopteryx	1
Cacicus_sclateri	1
Cacicus_chrysopterus	1
Psarocolius_angustifrons	1
Psarocolius_atrovirens	1
Psarocolius_wagleri	1
Psarocolius_montezuma	1
Psarocolius_viridis	1
Psarocolius_decumanus	1
Cacicus_melanicterus	1
Ocyalus_latirostris	1
Clypicterus_oseryi	1
Cacicus_haemorrhous	1
Cacicus_cela	1
Cacicus_solitarius	1
Sturnella_neglecta	1
Sturnella_magna	1
Sturnella_loyca	1
Sturnella_superciliaris	1
Sturnella_bellicosa	1
Sturnella_militaris	1
Xanthocephalus_xanthocephalus	1
Dolichonyx_oryzivorus	1
Icteria_virens	1
Seiurus_aurocapilla	1
Setophaga_chrysoparia	1
Setophaga_virens	?
Setophaga_townsendi	1
Setophaga_occidentalis	1
Setophaga_graciae	1
Setophaga_nigrescens	1
Setophaga_adelaidae	1
Setophaga_discolor	1
Setophaga_vitellina	1
Setophaga_pinus	1
Setophaga_pityophila	1
Setophaga_coronata	1
Setophaga_dominica	1
Setophaga_palmarum	1
Setophaga_caerulescens	1
Setophaga_petechia	1
Setophaga_pensylvanica	1
Setophaga_striata	1
Setophaga_castanea	1
Setophaga_fusca	1
Setophaga_magnolia	1
Setophaga_cerulea	1
Setophaga_kirtlandii	1
Setophaga_americana	1
Setophaga_pitiayumi	1
Setophaga_tigrina	1
Setophaga_ruticilla	1
Setophaga_citrina	1
Setophaga_plumbea	1
Setophaga_pharetra	1
Setophaga_angelae	1
Catharopeza_bishopi	1
Basileuterus_rufifrons	1
Basileuterus_melanogenys	1
Basileuterus_trifasciatus	1
Basileuterus_tristriatus	1
Basileuterus_culicivorus	1
Basileuterus_lachrymosus	1
Cardellina_versicolor	1
Cardellina_rubrifrons	1
Cardellina_pusilla	1
Cardellina_canadensis	1
Myioborus_torquatus	1
Myioborus_ornatus	1
Myioborus_melanocephalus	1
Myioborus_flavivertex	1
Myioborus_brunniceps	1
Myioborus_miniatus	1
Myioborus_pictus	1
Myiothlypis_leucophrys	1
Myiothlypis_flaveolus	1
Myiothlypis_leucoblepharus	1
Myiothlypis_fulvicauda	1
Myiothlypis_nigrocristatus	1
Myiothlypis_coronatus	1
Myiothlypis_conspicillatus	1
Geothlypis_semiflava	1
Geothlypis_nelsoni	1
Geothlypis_trichas	1
Geothlypis_rostrata	1
Geothlypis_beldingi	1
Geothlypis_aequinoctialis	1
Geothlypis_formosa	1
Oporornis_agilis	1
Geothlypis_tolmiei	1
Geothlypis_philadelphia	1
Geothlypis_poliocephala	1
Oreothlypis_luciae	0
Oreothlypis_virginiae	1
Oreothlypis_ruficapilla	1
Oreothlypis_crissalis	1
Oreothlypis_celata	1
Oreothlypis_gutturalis	1
Oreothlypis_superciliosa	1
Oreothlypis_peregrina	1
Helmitheros_vermivorum	1
Limnothlypis_swainsonii	1
Protonotaria_citrea	1
Parkesia_motacilla	?
Parkesia_noveboracensis	1
Mniotilta_varia	1
Vermivora_cyanoptera	1
Vermivora_chrysoptera	1
Xenoligea_montana	1
Microligea_palustris	1
Phaenicophilus_poliocephalus	1
Phaenicophilus_palmarum	1
Nesospingus_speculiferus	1
Zeledonia_coronata	1
Teretistris_fernandinae	1
Spindalis_zena	1
Ammodramus_humeralis	1
Ammodramus_aurifrons	1
Ammodramus_savannarum	1
Arremonops_chloronotus	1
Arremonops_rufivirgatus	1
Arremonops_conirostris	1
Peucaea_ruficauda	1
Peucaea_humeralis	1
Peucaea_mystacalis	1
Peucaea_aestivalis	1
Peucaea_cassinii	1
Peucaea_botterii	1
Peucaea_carpalis	1
Rhynchospiza_strigiceps	1
Rhynchospiza_stolzmanni	1
Spizella_wortheni	1
Spizella_pusilla	1
Spizella_atrogularis	1
Spizella_breweri	1
Spizella_passerina	1
Spizella_pallida	1
Calamospiza_melanocorys	1
Amphispiza_quinquestriata	1
Amphispiza_bilineata	1
Chondestes_grammacus	1
Ammodramus_nelsoni	1
Ammodramus_caudacutus	1
Ammodramus_maritimus	1
Ammodramus_leconteii	1
Ammodramus_henslowii	1
Pooecetes_gramineus	1
Melospiza_lincolnii	1
Melospiza_georgiana	1
Melospiza_melodia	1
Xenospiza_baileyi	1
Ammodramus_bairdii	1
Passerculus_sandwichensis	1
Amphispiza_belli	1
Oriturus_superciliosus	1
Atlapetes_latinuchus	1
Atlapetes_citrinellus	1
Pselliophorus_tibialis	1
Atlapetes_albinucha	1
Atlapetes_pileatus	1
Pipilo_erythrophthalmus	1
Pipilo_maculatus	1
Pipilo_chlorurus	1
Pipilo_ocai	1
Melozone_biarcuata	1
Melozone_leucotis	1
Melozone_kieneri	1
Melozone_fusca	1
Melozone_aberti	1
Melozone_crissalis	1
Melozone_albicollis	1
Aimophila_rufescens	1
Aimophila_ruficeps	1
Pezopetes_capitalis	1
Junco_phaeonotus	1
Junco_hyemalis	1
Zonotrichia_capensis	1
Zonotrichia_albicollis	1
Zonotrichia_querula	1
Zonotrichia_atricapilla	1
Zonotrichia_leucophrys	1
Spizella_arborea	1
Arremon_aurantiirostris	1
Arremon_schlegeli	1
Arremon_flavirostris	1
Arremon_castaneiceps	1
Arremon_virenticeps	1
Arremon_brunneinucha	1
Arremon_torquatus	1
Chlorospingus_semifuscus	1
Chlorospingus_tacarcunae	0
Chlorospingus_ophthalmicus	1
Chlorospingus_pileatus	1
Chlorospingus_flavigularis	1
Chlorospingus_parvirostris	1
Emberiza_impetuani	1
Emberiza_tahapisi	1
Emberiza_striolata	1
Emberiza_capensis	1
Emberiza_cabanisi	1
Emberiza_flaviventris	1
Emberiza_pallasi	1
Emberiza_schoeniclus	1
Emberiza_yessoensis	1
Emberiza_spodocephala	1
Emberiza_aureola	1
Emberiza_rutila	1
Emberiza_rustica	1
Emberiza_sulphurata	1
Emberiza_chrysophrys	1
Emberiza_tristrami	1
Emberiza_elegans	1
Emberiza_bruniceps	1
Emberiza_melanocephala	1
Melophus_lathami	1
Emberiza_godlewskii	1
Emberiza_cia	1
Emberiza_cioides	1
Emberiza_jankowskii	1
Emberiza_caesia	1
Emberiza_hortulana	1
Emberiza_buchanani	1
Emberiza_citrinella	1
Emberiza_leucocephalos	1
Emberiza_stewarti	1
Emberiza_cirlus	1
Emberiza_calandra	1
Calyptophilus_frugivorus	1
Calyptophilus_tertius	1
Mitrospingus_oleagineus	1
Mitrospingus_cassinii	1
Calcarius_ornatus	1
Calcarius_pictus	1
Plectrophenax_hyperboreus	1
Calcarius_lapponicus	1
Rhynchophanes_mccownii	1
Chloris_sinica	1
Chloris_ambigua	1
Chloris_spinoides	1
Chloris_chloris	1
Linurgus_olivaceus	1
Serinus_atrogularis	1
Serinus_leucopygius	1
Serinus_citrinipectus	1
Serinus_mozambicus	1
Serinus_dorsostriatus	1
Serinus_citrinelloides	1
Serinus_scotops	1
Serinus_gularis	1
Serinus_mennelli	1
Serinus_sulphuratus	1
Serinus_flaviventris	1
Serinus_albogularis	1
Serinus_striolatus	1
Pseudochloroptila_totta	1
Serinus_burtoni	1
Serinus_pusillus	1
Serinus_flavivertex	1
Serinus_canicollis	1
Alario_alario	1
Serinus_serinus	1
Serinus_canaria	1
Spinus_xanthogastrus	1
Spinus_barbatus	1
Spinus_cucullatus	1
Spinus_pinus	1
Spinus_spinus	1
Spinus_tristis	1
Spinus_psaltria	1
Spinus_lawrencei	1
Carduelis_cannabina	1
Carduelis_flavirostris	1
Serinus_corsicanus	1
Serinus_citrinella	1
Carduelis_carduelis	1
Loxia_leucoptera	1
Loxia_scotica	1
Loxia_pytyopsittacus	1
Loxia_curvirostra	1
Acanthis_flammea	1
Acanthis_hornemanni	1
Rhodospiza_obsoleta	1
Carpodacus_cassinii	1
Carpodacus_mexicanus	1
Leucosticte_brandti	1
Leucosticte_tephrocotis	1
Leucosticte_australis	1
Leucosticte_atrata	1
Leucosticte_arctoa	1
Leucosticte_nemoricola	1
Pyrrhula_murina	1
Pyrrhula_pyrrhula	1
Pyrrhula_erythaca	1
Pyrrhula_erythrocephala	1
Pyrrhula_aurantiaca	1
Pyrrhula_nipalensis	1
Pinicola_enucleator	1
Bucanetes_mongolicus	1
Carpodacus_rubicilla	1
Carpodacus_puniceus	1
Carpodacus_trifasciatus	1
Carpodacus_thura	1
Carpodacus_roseus	1
Uragus_sibiricus	1
Carpodacus_rubicilloides	1
Carpodacus_erythrinus	1
Haematospiza_sipahi	1
Bucanetes_githagineus	0
Telespiza_cantans	1
Telespiza_ultima	1
Vestiaria_coccinea	1
Himatione_sanguinea	1
Palmeria_dolei	1
Oreomystis_mana	0
Hemignathus_kauaiensis	1
Hemignathus_virens	1
Pseudonestor_xanthophrys	1
Loxops_coccineus	0
Loxops_caeruleirostris	1
Magumma_parva	1
Oreomystis_bairdi	1
Paroreomyza_montana	1
Eophona_migratoria	1
Eophona_personata	1
Mycerobas_affinis	1
Mycerobas_carnipes	1
Emberiza_affinis	0
Coccothraustes_coccothraustes	1
Coccothraustes_vespertinus	1
Euphonia_pectoralis	1
Euphonia_affinis	1
Euphonia_chlorotica	1
Euphonia_gouldi	1
Euphonia_fulvicrissa	1
Euphonia_hirundinacea	1
Euphonia_laniirostris	1
Euphonia_musica	1
Euphonia_cyanocephala	1
Chlorophonia_flavirostris	1
Chlorophonia_occipitalis	1
Fringilla_teydea	1
Fringilla_coelebs	1
Fringilla_montifringilla	1
Carpospiza_brachydactyla	1
Motacilla_cinerea	1
Geospiza_fuliginosa	1
Pinaroloxias_inornata	1
Camarhynchus_parvulus	1
Camarhynchus_psittacula	1
Camarhynchus_pauper	1
Camarhynchus_pallidus	1
Camarhynchus_heliobates	1
Geospiza_difficilis	1
Geospiza_magnirostris	1
Geospiza_conirostris	1
Geospiza_scandens	1
Certhidea_olivacea	1
Certhidea_fusca	1
Platyspiza_crassirostris	1
Motacilla_grandis	?
Motacilla_alba	1
Motacilla_madaraspatensis	?
Motacilla_flava	1
Motacilla_citreola	1
Motacilla_aguimp	1
Motacilla_flaviventris	1
Motacilla_capensis	1
Motacilla_clara	1
Anthus_rubescens	1
Anthus_petrosus	?
Anthus_spinoletta	1
Anthus_pratensis	1
Anthus_cervinus	1
Anthus_trivialis	1
Anthus_hodgsoni	1
Anthus_gustavi	1
Anthus_spragueii	1
Anthus_lutescens	1
Anthus_correndera	1
Macronyx_croceus	1
Anthus_cinnamomeus	1
Anthus_brachyurus	1
Anthus_berthelotii	1
Anthus_campestris	1
Anthus_richardi	1
Anthus_godlewskii	1
Passer_ammodendri	0
Passer_melanurus	1
Passer_griseus	1
Passer_domesticus	0
Passer_hispaniolensis	?
Passer_flaveolus	?
Passer_luteus	1
Passer_montanus	1
Passer_rutilans	0
Petronia_dentata	0
Montifringilla_adamsi	0
Montifringilla_nivalis	0
Montifringilla_ruficollis	0
Montifringilla_davidiana	0
Montifringilla_blanfordi	0
Montifringilla_taczanowskii	0
Petronia_petronia	1
Anomalospiza_imberbis	1
Lagonosticta_rufopicta	1
Lagonosticta_nitidula	1
Lagonosticta_senegala	1
Granatina_ianthinogaster	1
Lagonosticta_larvata	1
Lagonosticta_rara	1
Clytospiza_monteiri	1
Lagonosticta_rubricata	1
Lagonosticta_virata	1
Lagonosticta_rhodopareia	1
Granatina_granatina	1
Uraeginthus_bengalus	1
Uraeginthus_cyanocephalus	1
Uraeginthus_angolensis	1
Pytilia_hypogrammica	1
Pytilia_phoenicoptera	1
Pytilia_afra	1
Spermophaga_haematina	1
Pyrenestes_ostrinus	1
Pyrenestes_sanguineus	1
Lagonosticta_sanguinodorsalis	1
Ortygospiza_atricollis	?
Hypargos_margaritatus	1
Hypargos_niveoguttatus	1
Euschistospiza_cinereovinacea	1
Pytilia_melba	1
Coccopygia_quartinia	1
Coccopygia_melanotis	1
Estrilda_erythronotos	1
Estrilda_caerulescens	1
Estrilda_melpoda	1
Estrilda_rhodopyga	1
Estrilda_troglodytes	1
Estrilda_paludicola	1
Estrilda_atricapilla	1
Estrilda_astrild	1
Estrilda_nonnula	1
Estrilda_perreini	1
Nesocharis_capistrata	1
Nigrita_bicolor	1
Nigrita_canicapillus	1
Euschistospiza_dybowskii	1
Sporaeginthus_subflavus	1
Amandava_amandava	1
Amadina_fasciata	?
Amadina_erythrocephala	0
Heteromunia_pectoralis	1
Erythrura_trichroa	1
Erythrura_prasina	1
Erythrura_gouldiae	0
Lonchura_nana	1
Lonchura_malacca	1
Lonchura_pallida	1
Lonchura_quinticolor	1
Lonchura_striata	?
Lonchura_punctulata	1
Lonchura_oryzivora	?
Lonchura_castaneothorax	1
Stagonopleura_guttata	1
Euodice_malabarica	1
Euodice_cantans	1
Spermestes_cucullatus	1
Spermestes_fringilloides	1
Spermestes_bicolor	1
Odontospiza_griseicapilla	1
Poephila_acuticauda	1
Poephila_cincta	1
Neochmia_modesta	1
Poephila_personata	1
Emblema_pictum	1
Neochmia_temporalis	1
Neochmia_ruficauda	1
Taeniopygia_castanotis	1
Taeniopygia_bichenovii	1
Neochmia_phaeton	1
Cryptospiza_reichenovii	1
Mandingoa_nitidula	1
Prunella_fulvescens	1
Prunella_himalayana	1
Euplectes_hordeaceus	1
Euplectes_ardens	1
Euplectes_afer	1
Ploceus_bicolor	1
Ploceus_cucullatus	1
Ploceus_vitellinus	1
Ploceus_capensis	1
Ploceus_ocularis	1
Quelea_quelea	1
Quelea_cardinalis	1
Foudia_sechellarum	1
Foudia_madagascariensis	1
Euplectes_nigroventris	1
Euplectes_orix	1
Euplectes_diadematus	1
Euplectes_franciscanus	1
Euplectes_gierowii	1
Euplectes_psammocromius	1
Euplectes_progne	1
Euplectes_jacksoni	1
Euplectes_hartlaubi	1
Euplectes_axillaris	1
Euplectes_albonotatus	1
Euplectes_macroura	1
Euplectes_capensis	1
Euplectes_aureus	1
Ploceus_melanocephalus	1
Ploceus_taeniopterus	1
Ploceus_intermedius	1
Ploceus_luteolus	1
Ploceus_velatus	1
Sporopipes_frontalis	1
Bubalornis_niger	1
Bubalornis_albirostris	1
Dinemellia_dinemelli	1
Philetairus_socius	1
Plocepasser_mahali	1
Amblyospiza_albifrons	1
Prunella_montanella	1
Prunella_modularis	1
Prunella_collaris	1
Prunella_atrogularis	1
Peucedramus_taeniatus	1
Irena_puella	1
Irena_cyanogastra	1
Chloropsis_cochinchinensis	1
Chloropsis_sonnerati	1
Chloropsis_hardwickii	1
Leptocoma_sperata	1
Leptocoma_sericea	1
Cinnyris_notatus	1
Chalcomitra_adelberti	1
Chalcomitra_senegalensis	1
Nectarinia_kilimensis	1
Cinnyris_erythrocercus	1
Cinnyris_minullus	1
Cinnyris_superbus	1
Cinnyris_pulchellus	1
Cinnyris_mariquensis	1
Anthreptes_orientalis	1
Chalcomitra_balfouri	1
Cinnyris_coquerellii	1
Cinnyris_dussumieri	1
Cinnyris_souimanga	1
Cinnyris_humbloti	1
Cinnyris_venustus	1
Cinnyris_bouvieri	1
Cinnyris_talatala	1
Hedydipna_collaris	1
Cinnyris_jugularis	1
Anthreptes_rectirostris	1
Cyanomitra_alinae	1
Cinnyris_cupreus	1
Cyanomitra_obscura	1
Cyanomitra_olivacea	1
Cyanomitra_oritis	1
Cyanomitra_verticalis	1
Anthreptes_malacensis	1
Aethopyga_flagrans	1
Aethopyga_siparaja	1
Aethopyga_boltoni	1
Aethopyga_primigenia	1
Aethopyga_christinae	1
Aethopyga_duyvenbodei	1
Arachnothera_robusta	1
Arachnothera_longirostra	1
Arachnothera_chrysogenys	1
Arachnothera_affinis	1
Hypogramma_hypogrammicum	1
Arachnothera_magna	1
Dicaeum_agile	1
Dicaeum_everetti	1
Dicaeum_chrysorrheum	1
Prionochilus_xanthopygius	1
Prionochilus_percussus	1
Prionochilus_maculatus	1
Dicaeum_cruentatum	1
Dicaeum_ignipectum	1
Dicaeum_celebicum	1
Dicaeum_aeneum	1
Dicaeum_geelvinkianum	1
Dicaeum_hirundinaceum	1
Dicaeum_concolor	1
Dicaeum_trigonostigma	1
Dicaeum_nigrilore	1
Kakamega_poliothorax	1
Modulatrix_stictigula	1
Promerops_cafer	1
Promerops_gurneyi	1
Eupetes_macrocerus	1
Picathartes_oreas	1
Picathartes_gymnocephalus	1
Chaetops_frenatus	1
Heteromyias_albispecularis	1
Poecilodryas_cerviniventris	1
Eopsaltria_georgiana	1
Tregellasia_leucops	1
Tregellasia_capito	1
Eopsaltria_griseogularis	1
Eopsaltria_australis	1
Melanodryas_cucullata	1
Melanodryas_vittata	1
Eopsaltria_pulverulenta	1
Peneothello_sigillata	1
Peneothello_cyanus	1
Drymodes_brunneopygia	1
Microeca_flavigaster	1
Microeca_griseoceps	1
Microeca_papuana	1
Petroica_macrocephala	?
Petroica_traversi	?
Petroica_rosea	1
Eugerygone_rubra	1
Petroica_rodinogaster	1
Petroica_phoenicea	1
Petroica_multicolor	1
Petroica_boodang	1
Petroica_australis	1
Petroica_goodenovii	1
Pachycephalopsis_poliosoma	1
Amalocichla_incerta	1
Philentoma_pyrhoptera	1
Philentoma_velata	1
Tephrodornis_gularis	1
Hemipus_hirundinaceus	1
Bias_musicus	1
Prionops_plumatus	1
Artamella_viridis	1
Cyanolanius_madagascarinus	1
Vanga_curvirostris	1
Xenopirostris_xenopirostris	1
Mystacornis_crossleyi	1
Tephrodornis_pondicerianus	1
Hemipus_picatus	1
Prionops_scopifrons	1
Prionops_retzii	1
Megabyas_flammulatus	1
Platysteira_blissetti	1
Platysteira_concreta	1
Platysteira_laticincta	1
Platysteira_peltata	1
Platysteira_cyanea	1
Platysteira_castanea	1
Platysteira_tonsa	1
Batis_mixta	1
Batis_capensis	1
Batis_pririt	1
Batis_soror	1
Batis_molitor	1
Batis_minor	1
Lanioturdus_torquatus	1
Laniarius_leucorhynchus	1
Laniarius_atrococcineus	1
Laniarius_atroflavus	1
Laniarius_erythrogaster	1
Laniarius_barbarus	1
Laniarius_ruficeps	1
Laniarius_turatii	1
Laniarius_aethiopicus	1
Laniarius_bicolor	1
Laniarius_ferrugineus	1
Laniarius_luehderi	1
Laniarius_funebris	1
Laniarius_poensis	1
Laniarius_fuelleborni	1
Telophorus_zeylonus	1
Rhodophoneus_cruentus	1
Telophorus_nigrifrons	1
Telophorus_sulfureopectus	1
Telophorus_bocagei	1
Nilaus_afer	1
Tchagra_minutus	1
Tchagra_australis	1
Tchagra_senegalus	1
Dryoscopus_cubla	1
Dryoscopus_gambensis	1
Malaconotus_blanchoti	1
Rhagologus_leucostigma	1
Aegithina_tiphia	1
Artamus_cinereus	1
Artamus_minor	1
Artamus_cyanopterus	1
Artamus_leucorynchus	1
Artamus_personatus	1
Artamus_superciliosus	1
Peltops_blainvillii	1
Cracticus_nigrogularis	1
Gymnorhina_tibicen	1
Cracticus_quoyi	1
Strepera_graculina	1
Machaerirhynchus_flaviventer	1
Coracina_novaehollandiae	1
Coracina_striata	1
Coracina_macei	1
Coracina_papuensis	1
Coracina_boyeri	1
Coracina_maxima	1
Coracina_lineata	1
Coracina_longicauda	1
Coracina_cinerea	1
Coracina_pectoralis	1
Coracina_caesia	1
Coracina_tenuirostris	1
Lalage_leucopyga	1
Lalage_tricolor	1
Lalage_leucomela	1
Coracina_melaschistos	1
Coracina_polioptera	1
Coracina_fimbriata	1
Coracina_melanoptera	1
Coracina_newtoni	1
Coracina_typica	1
Lalage_nigra	1
Lalage_leucopygialis	1
Coracina_azurea	1
Campephaga_phoeniceaB	1
Campephaga_flava	1
Campephaga_petiti	1
Pericrocotus_cinnamomeus	1
Pericrocotus_igneus	1
Pericrocotus_solaris	1
Pericrocotus_divaricatus	1
Pericrocotus_ethologus	1
Pericrocotus_flammeus	1
Pericrocotus_erythropygius	1
Daphoenositta_chrysoptera	1
Oreocharis_arfaki	1
Psophodes_olivaceus	1
Aleadryas_rufinucha	1
Oreoica_gutturalis	1
Falcunculus_frontatus	1
Vireo_solitarius	1
Vireo_cassinii	1
Vireo_plumbeus	1
Vireo_flavifrons	1
Vireo_vicinior	1
Vireo_huttoni	1
Vireo_atricapilla	1
Vireo_latimeri	1
Vireo_bellii	1
Vireo_griseus	1
Vireo_philadelphicus	1
Vireo_altiloquus	1
Vireo_flavoviridis	1
Vireo_olivaceus	1
Vireo_leucophrys	1
Vireo_gilvus	1
Hylophilus_ochraceiceps	1
Hylophilus_decurtatus	1
Cyclarhis_gujanensis	1
Erpornis_zantholeuca	1
Pteruthius_xanthochlorus	1
Pteruthius_aenobarbus	1
Pteruthius_melanotis	1
Pteruthius_flaviscapis	1
Oriolus_oriolus	1
Oriolus_chinensis	1
Oriolus_auratus	1
Oriolus_larvatus	1
Oriolus_nigripennis	1
Oriolus_cruentus	1
Oriolus_brachyrhynchus	1
Oriolus_xanthornus	1
Oriolus_xanthonotus	1
Oriolus_traillii	1
Oriolus_szalayi	1
Oriolus_flavocinctus	1
Oriolus_sagittatus	1
Sphecotheres_vieilloti	1
Pitohui_dichrous	1
Paramythia_montium	1
Pitohui_nigrescens	1
Pachycephala_cinerea	1
Pachycephala_philippinensis	1
Pachycephala_lanioides	1
Pachycephala_rufiventris	1
Pachycephala_phaionota	1
Pachycephala_hyperythra	1
Pachycephala_simplex	1
Pachycephala_pectoralis	1
Pachycephala_melanura	1
Pachycephala_caledonica	1
Pachycephala_soror	1
Pachycephala_inornata	1
Pachycephala_olivacea	1
Pitohui_ferrugineus	1
Colluricincla_harmonica	?
Colluricincla_boweri	1
Colluricincla_woodwardi	?
Colluricincla_megarhyncha	1
Dicrurus_fuscipennis	1
Dicrurus_modestus	1
Dicrurus_waldenii	1
Dicrurus_aldabranus	1
Dicrurus_forficatus	1
Dicrurus_macrocercus	1
Dicrurus_adsimilis	1
Dicrurus_leucophaeus	1
Dicrurus_atripennis	1
Dicrurus_ludwigii	1
Dicrurus_remifer	1
Dicrurus_paradiseus	1
Dicrurus_annectans	1
Dicrurus_bracteatus	1
Dicrurus_hottentottus	1
Dicrurus_balicassius	1
Dicrurus_aeneus	1
Myiagra_inquieta	1
Myiagra_rubecula	1
Myiagra_ferrocyanea	1
Myiagra_alecto	1
Myiagra_hebetior	1
Myiagra_cyanoleuca	1
Myiagra_caledonica	1
Grallina_cyanoleuca	1
Monarcha_takatsukasae	1
Monarcha_frater	1
Monarcha_melanopsis	1
Monarcha_richardsii	1
Monarcha_cinerascens	1
Clytorhynchus_pachycephaloides	1
Neolalage_banksiana	1
Pomarea_mendozae	1
Pomarea_iphis	1
Chasiempis_sandwichensis	1
Pomarea_dimidiata	1
Pomarea_nigra	1
Carterornis_chrysomela	1
Carterornis_leucotis	1
Monarcha_rubiensis	1
Symposiachrus_axillaris	1
Symposiachrus_manadensis	1
Symposiachrus_guttula	1
Symposiachrus_trivirgatus	1
Symposiachrus_barbatus	1
Arses_telescophthalmus	1
Hypothymis_helenae	1
Hypothymis_azurea	1
Terpsiphone_paradisi	1
Terpsiphone_viridis	1
Terpsiphone_cinnamomea	1
Trochocercus_nitens	1
Trochocercus_cyanomelas	1
Microeca_fascinans	1
Melampitta_lugubris	1
Epimachus_albertisi	1
Astrapia_rothschildi	1
Epimachus_meyeri	1
Parotia_lawesii	1
Cicinnurus_regius	0
Seleucidis_melanoleucus	1
Paradisaea_rudolphi	1
Paradisaea_raggiana	1
Paradisaea_minor	1
Ptiloris_victoriae	1
Ptiloris_paradiseus	1
Lophorina_superba	1
Pteridophora_alberti	1
Manucodia_comrii	1
Manucodia_ater	1
Phonygammus_keraudrenii	1
Lycocorax_pyrrhopterus	1
Corcorax_melanorhamphos	1
Struthidea_cinerea	1
Eurocephalus_anguitimens	1
Lanius_mackinnoni	1
Lanius_collaris	1
Lanius_cabanisi	1
Lanius_excubitoroides	1
Lanius_nubicus	1
Lanius_minor	1
Lanius_senator	1
Lanius_collurio	1
Lanius_isabellinus	1
Lanius_tephronotus	1
Lanius_bucephalus	1
Lanius_cristatus	1
Lanius_schach	1
Lanius_tigrinus	1
Lanius_excubitor	1
Lanius_ludovicianus	1
Lanius_sphenocercus	1
Lanius_meridionalis	1
Lanius_somalicus	1
Lanius_dorsalis	1
Corvinella_corvina	1
Corvus_splendens	1
Corvus_macrorhynchos	1
Corvus_orru	1
Corvus_nasicus	1
Corvus_coronoides	1
Corvus_cryptoleucus	1
Corvus_corax	1
Corvus_albus	1
Corvus_albicollis	1
Corvus_caurinus	1
Corvus_brachyrhynchos	1
Corvus_corone	1
Corvus_cornix	1
Corvus_ossifragus	1
Corvus_frugilegus	1
Nucifraga_columbiana	1
Nucifraga_caryocatactes	1
Corvus_dauuricus	1
Corvus_monedula	?
Garrulus_lidthi	1
Garrulus_glandarius	?
Podoces_biddulphi	1
Podoces_hendersoni	1
Ptilostomus_afer	1
Zavattariornis_stresemanni	1
Pica_nuttalli	1
Pica_hudsonia	1
Pica_pica	1
Gymnorhinus_cyanocephalus	1
Aphelocoma_ultramarina	1
Aphelocoma_californica	1
Aphelocoma_insularis	1
Aphelocoma_coerulescens	1
Aphelocoma_unicolor	1
Cyanocitta_stelleri	1
Cyanocitta_cristata	1
Cyanocorax_cristatellus	1
Cyanocorax_violaceus	1
Calocitta_formosa	1
Calocitta_colliei	1
Psilorhinus_morio	1
Cyanocorax_caeruleus	1
Cyanocorax_beecheii	1
Cyanocorax_sanblasianus	1
Cyanocorax_yucatanicus	1
Cyanocorax_melanocyaneus	1
Cyanocorax_chrysops	1
Cyanocorax_cayanus	1
Cyanocorax_heilprini	1
Cyanocorax_affinis	1
Cyanocorax_dickeyi	1
Cyanocorax_yncas	1
Cyanolyca_turcosa	1
Cyanolyca_pulchra	1
Cyanolyca_cucullata	1
Perisoreus_internigrans	1
Perisoreus_infaustus	1
Perisoreus_canadensis	1
Cyanopica_cooki	1
Cyanopica_cyanus	1
Cissa_chinensis	1
Urocissa_erythrorhyncha	1
Crypsirina_temia	1
Temnurus_temnurus	1
Platysmurus_leucopterus	1
Dendrocitta_formosae	1
Pyrrhocorax_pyrrhocorax	?
Pyrrhocorax_graculus	1
Rhipidura_fuliginosa	1
Rhipidura_phasiana	1
Rhipidura_albiscapa	1
Rhipidura_rennelliana	1
Rhipidura_hyperythra	1
Rhipidura_albolimbata	1
Rhipidura_dryas	1
Rhipidura_rufifrons	1
Rhipidura_teysmanni	1
Rhipidura_rufidorsa	1
Rhipidura_leucophrys	1
Rhipidura_javanica	1
Rhipidura_aureola	1
Rhipidura_albicollis	1
Rhipidura_threnothorax	1
Rhipidura_leucothorax	1
Rhipidura_rufiventris	1
Rhipidura_cockerelli	1
Rhipidura_perlata	1
Rhipidura_atra	1
Rhipidura_superciliaris	1
Rhipidura_cyaniceps	1
Chaetorhynchus_papuensis	1
Cinclosoma_punctatum	1
Ptilorrhoa_leucosticta	1
Ptilorrhoa_caerulescens	1
Mohoua_albicilla	1
Mohoua_ochrocephala	?
Notiomystis_cincta	0
Mohoua_novaeseelandiae	1
Melanocharis_nigra	1
Melanocharis_versteri	1
Toxorhamphus_iliolophus	1
Toxorhamphus_poliopterus	1
Philesturnus_carunculatus	1
Loboparadisea_sericea	1
Cnemophilus_loriae	1
Orthonyx_spaldingii	1
Orthonyx_novaeguineae	1
Orthonyx_temminckii	1
Pomatostomus_isidorei	1
Pomatostomus_ruficeps	1
Pomatostomus_temporalis	1
Pomatostomus_halli	1
Gerygone_chrysogaster	1
Gerygone_mouki	1
Gerygone_palpebrosa	1
Gerygone_chloronota	1
Gerygone_olivacea	1
Gerygone_igata	1
Gerygone_levigaster	1
Gerygone_fusca	1
Gerygone_magnirostris	1
Sericornis_citreogularis	1
Sericornis_nouhuysi	1
Sericornis_magnirostra	1
Sericornis_keri	1
Sericornis_humilis	1
Sericornis_frontalis	1
Sericornis_perspicillatus	1
Sericornis_papuensis	1
Crateroscelis_robusta	1
Origma_solitaria	1
Smicrornis_brevirostris	1
Pycnoptilus_floccosus	1
Pyrrholaemus_brunneus	1
Pyrrholaemus_sagittatus	1
Calamanthus_campestris	1
Calamanthus_fuliginosus	1
Hylacola_pyrrhopygia	1
Hylacola_cauta	1
Acanthiza_nana	1
Acanthiza_murina	1
Acanthiza_lineata	1
Acanthiza_reguloides	1
Acanthiza_inornata	1
Acanthiza_uropygialis	1
Acanthiza_robustirostris	1
Acanthiza_iredalei	1
Acanthiza_katherina	1
Acanthiza_pusilla	1
Acanthiza_ewingii	1
Acanthiza_apicalis	1
Acanthiza_chrysorrhoa	1
Acanthornis_magna	1
Aphelocephala_nigricincta	1
Aphelocephala_leucopsis	1
Oreoscopus_gutturalis	1
Pachycare_flavogriseum	1
Pardalotus_rubricatus	0
Pardalotus_striatus	1
Pardalotus_punctatus	1
Phylidonyris_novaehollandiae	1
Phylidonyris_niger	1
Phylidonyris_pyrrhopterus	1
Trichodere_cockerelli	1
Lichmera_indistincta	1
Lichmera_alboauricularis	1
Cissomela_pectoralis	1
Lichenostomus_flavicollis	1
Lichenostomus_leucotis	1
Foulehaio_carunculatus	1
Melithreptus_lunatus	1
Melithreptus_affinis	1
Melithreptus_validirostris	1
Melithreptus_brevirostris	1
Melithreptus_gularis	1
Melithreptus_albogularis	1
Entomyzon_cyanotis	1
Myzomela_cineracea	1
Myzomela_obscura	1
Myzomela_eques	1
Myzomela_erythrocephala	1
Myzomela_sanguinolenta	1
Myzomela_cardinalis	1
Myzomela_rosenbergii	1
Sugomel_niger	1
Plectorhyncha_lanceolata	1
Grantiella_picta	1
Xanthotis_flaviventer	1
Philemon_argenticeps	1
Philemon_corniculatus	1
Philemon_buceroides	1
Philemon_citreogularis	1
Gliciphila_melanops	1
Pycnopygius_stictocephalus	1
Prosthemadera_novaeseelandiae	1
Anthornis_melanura	?
Certhionyx_variegatus	1
Epthianura_albifrons	1
Epthianura_aurifrons	1
Epthianura_crocea	1
Ashbyia_lovensis	1
Melipotes_fumigatus	1
Macgregoria_pulchra	1
Melilestes_megarhynchus	1
Timeliopsis_fulvigula	1
Ramsayornis_fasciatus	1
Ramsayornis_modestus	1
Conopophila_albogularis	1
Lichenostomus_hindwoodi	1
Lichenostomus_frenatus	1
Anthochaera_carunculata	1
Anthochaera_paradoxa	1
Anthochaera_phrygia	1
Anthochaera_chrysoptera	1
Anthochaera_lunulata	1
Acanthagenys_rufogularis	1
Lichenostomus_cratitius	1
Lichenostomus_melanops	1
Melidectes_torquatus	1
Melidectes_belfordi	1
Manorina_flavigula	1
Manorina_melanocephala	1
Manorina_melanophrys	1
Lichenostomus_obscurus	1
Lichenostomus_chrysops	1
Lichenostomus_unicolor	1
Purnella_albifrons	1
Lichenostomus_ornatus	1
Lichenostomus_penicillatus	1
Lichenostomus_flavus	1
Lichenostomus_flavescens	1
Lichenostomus_fuscus	1
Lichenostomus_keartlandi	1
Lichenostomus_plumulus	1
Lichenostomus_versicolor	1
Lichenostomus_virescens	1
Lichenostomus_fasciogularis	1
Meliphaga_albilineata	1
Meliphaga_cinereifrons	1
Meliphaga_montana	1
Meliphaga_mimikae	1
Meliphaga_analoga	1
Meliphaga_orientalis	1
Meliphaga_albonotata	1
Meliphaga_gracilis	1
Meliphaga_lewinii	1
Meliphaga_notata	1
Meliphaga_aruensis	1
Epthianura_tricolor	1
Acanthorhynchus_superciliosus	1
Acanthorhynchus_tenuirostris	1
Dasyornis_broadbenti	1
Clytomyias_insignis	1
Malurus_amabilis	1
Malurus_lamberti	1
Malurus_pulcherrimus	1
Malurus_elegans	1
Malurus_cyaneus	1
Malurus_splendens	1
Malurus_coronatus	1
Malurus_melanocephalus	1
Malurus_leucopterus	1
Stipiturus_malachurus	1
Stipiturus_mallee	1
Stipiturus_ruficeps	1
Amytornis_housei	1
Amytornis_ballarae	1
Amytornis_purnelli	1
Amytornis_goyderi	1
Amytornis_textilis	1
Amytornis_barbatus	1
Amytornis_woodwardi	1
Amytornis_dorotheae	1
Amytornis_striatus	1
Amblyornis_newtoniana	1
Amblyornis_inornata	1
Archboldia_papuensis	1
Amblyornis_macgregoriae	1
Amblyornis_subalaris	1
Scenopoeetes_dentirostris	1
Ailuroedus_melanotis	1
Ailuroedus_crassirostris	1
Chlamydera_cerviniventris	1
Chlamydera_nuchalis	1
Chlamydera_maculata	1
Chlamydera_lauterbachi	1
Sericulus_chrysocephalus	1
Ptilonorhynchus_violaceus	1
Climacteris_rufus	0
Climacteris_picumnus	0
Cormobates_leucophaea	0
Atrichornis_clamosus	1
Menura_novaehollandiae	1
Pitta_nympha	1
Pitta_sordida	1
Pitta_moluccensis	1
Pitta_superba	1
Pitta_versicolor	1
Pitta_anerythra	1
Pitta_maxima	1
Pitta_iris	1
Pitta_angolensis	1
Pitta_reichenowi	1
Pitta_brachyura	1
Pitta_erythrogaster	1
Pitta_arquata	1
Pitta_granatina	1
Pitta_venusta	1
Pitta_baudii	1
Pitta_guajana	1
Pitta_elliotii	1
Pitta_gurneyi	1
Pitta_cyanea	1
Pitta_oatesi	1
Pitta_soror	1
Pitta_nipalensis	1
Pitta_caerulea	1
Pitta_phayrei	1
Smithornis_rufolateralis	1
Smithornis_capensis	1
Calyptomena_whiteheadi	1
Calyptomena_viridis	1
Corydon_sumatranus	1
Psarisomus_dalhousiae	1
Serilophus_lunatus	1
Cymbirhynchus_macrorhynchos	1
Eurylaimus_javanicus	1
Eurylaimus_ochromalus	1
Eurylaimus_steerii	1
Pseudocalyptomena_graueri	1
Philepitta_castanea	1
Neodrepanis_coruscans	1
Sapayoa_aenigma	1
Masius_chrysopterus	1
Corapipo_gutturalis	1
Ilicura_militaris	1
Corapipo_leucorrhoa	1
Chiroxiphia_boliviana	1
Antilophia_galeata	1
Chiroxiphia_pareola	1
Chiroxiphia_linearis	1
Chiroxiphia_caudata	1
Pipra_pipra	1
Machaeropterus_deliciosus	1
Pipra_mentalis	1
Pipra_erythrocephala	1
Machaeropterus_pyrocephalus	1
Lepidothrix_serena	1
Lepidothrix_coronata	1
Lepidothrix_nattereri	1
Lepidothrix_coeruleocapilla	1
Xenopipo_holochlora	1
Manacus_aurantiacus	1
Manacus_candei	1
Manacus_vitellinus	1
Manacus_manacus	1
Heterocercus_flavivertex	1
Pipra_filicauda	1
Pipra_aureola	1
Pipra_fasciicauda	1
Tyranneutes_stolzmanni	1
Xipholena_atropurpurea	1
Xipholena_punicea	1
Gymnoderus_foetidus	1
Conioptilon_mcilhennyi	1
Procnias_nudicollis	1
Lipaugus_streptophorus	1
Lipaugus_unirufus	1
Querula_purpurata	1
Pyroderus_scutatus	1
Perissocephalus_tricolor	1
Cephalopterus_ornatus	1
Haematoderus_militaris	1
Ampelion_rufaxilla	1
Ampelion_rubrocristatus	1
Phytotoma_rutila	1
Phytotoma_rara	1
Zaratornis_stresemanni	1
Carpornis_melanocephala	1
Rupicola_peruvianus	1
Rupicola_rupicola	1
Pipreola_frontalis	1
Pitangus_lictor	1
Pitangus_sulphuratus	1
Machetornis_rixosa	1
Tyrannus_caudifasciatus	1
Tyrannus_couchii	1
Tyrannus_dominicensis	1
Tyrannus_melancholicus	1
Tyrannus_crassirostris	1
Tyrannus_savana	1
Tyrannus_forficatus	1
Tyrannus_verticalis	1
Empidonomus_aurantioatrocristatus	1
Empidonomus_varius	1
Tyrannus_tyrannus	0
Tyrannus_vociferans	1
Myiodynastes_luteiventris	0
Myiodynastes_maculatus	0
Tyrannopsis_sulphurea	1
Megarynchus_pitangua	1
Myiozetetes_luteiventris	1
Myiozetetes_cayanensis	1
Myiozetetes_similis	1
Casiornis_rufus	0
Sirystes_sibilator	0
Myiarchus_oberi	0
Myiarchus_antillarum	0
Myiarchus_stolidus	0
Myiarchus_sagrae	0
Myiarchus_validus	0
Myiarchus_crinitus	0
Myiarchus_cinerascens	0
Myiarchus_nugator	0
Myiarchus_tyrannulus	0
Myiarchus_swainsoni	0
Myiarchus_phaeocephalus	0
Myiarchus_ferox	0
Myiarchus_panamensis	0
Myiarchus_barbirostris	0
Myiarchus_tuberculifer	0
Myiarchus_cephalotes	0
Myiarchus_semirufus	?
Attila_rufus	0
Attila_spadiceus	0
Legatus_leucophaius	1
Deltarhynchus_flammulatus	0
Ramphotrigon_megacephalum	0
Ramphotrigon_fuscicauda	0
Ramphotrigon_ruficauda	0
Inezia_subflava	1
Lathrotriccus_euleri	1
Cnemotriccus_fuscatus	1
Ochthornis_littoralis	1
Empidonax_occidentalis	?
Empidonax_difficilis	?
Empidonax_flavescens	1
Empidonax_flaviventris	1
Empidonax_affinis	1
Empidonax_oberholseri	1
Empidonax_hammondii	1
Empidonax_minimus	1
Empidonax_wrightii	1
Empidonax_atriceps	1
Empidonax_fulvifrons	1
Empidonax_albigularis	1
Empidonax_alnorum	1
Empidonax_traillii	1
Contopus_sordidulus	1
Contopus_cinereus	1
Contopus_virens	1
Contopus_cooperi	1
Empidonax_virescens	1
Sayornis_saya	1
Sayornis_phoebe	1
Sayornis_nigricans	1
Mitrephanes_olivaceus	1
Mitrephanes_phaeocercus	1
Contopus_fumigatus	1
Contopus_pertinax	1
Muscisaxicola_cinereus	1
Muscisaxicola_flavinucha	0
Muscisaxicola_rufivertex	1
Muscisaxicola_maclovianus	1
Muscisaxicola_frontalis	1
Muscisaxicola_capistratus	?
Muscisaxicola_albilora	1
Satrapa_icterophrys	1
Knipolegus_signatus	1
Knipolegus_aterrimus	1
Knipolegus_lophotes	1
Knipolegus_nigerrimus	0
Knipolegus_cyanirostris	1
Knipolegus_striaticeps	1
Knipolegus_hudsoni	1
Hymenops_perspicillatus	1
Lessonia_oreas	1
Lessonia_rufa	1
Muscisaxicola_maculirostris	1
Muscisaxicola_alpinus	1
Myiotheretes_striaticollis	1
Myiotheretes_fumigatus	1
Agriornis_murinus	1
Agriornis_micropterus	1
Xolmis_rubetra	1
Neoxolmis_rufiventris	1
Xolmis_coronatus	1
Xolmis_cinereus	1
Xolmis_pyrope	1
Polioxolmis_rufipennis	1
Cnemarchus_erythropygius	1
Xolmis_irupero	1
Colonia_colonus	0
Myiophobus_fasciatus	1
Colorhamphus_parvirostris	1
Ochthoeca_diadema	1
Ochthoeca_oenanthoides	1
Ochthoeca_cinnamomeiventris	1
Myiophobus_flavicans	1
Alectrurus_tricolor	1
Alectrurus_risora	1
Gubernetes_yetapa	1
Arundinicola_leucocephala	1
Fluvicola_pica	1
Pyrocephalus_rubinus	1
Sublegatus_modestus	1
Sublegatus_obscurior	1
Sublegatus_arenarum	1
Muscigralla_brevicauda	1
Elaenia_chiriquensis	1
Elaenia_mesoleuca	1
Elaenia_frantzii	1
Elaenia_martinica	1
Elaenia_fallax	1
Elaenia_pallatangae	1
Elaenia_albiceps	1
Elaenia_spectabilis	1
Elaenia_pelzelni	1
Elaenia_flavogaster	1
Elaenia_parvirostris	1
Elaenia_strepera	1
Elaenia_obscura	1
Elaenia_gigas	1
Elaenia_cristata	1
Elaenia_ruficeps	1
Myiopagis_gaimardii	1
Myiopagis_viridicata	1
Myiopagis_caniceps	1
Tyrannulus_elatus	1
Suiriri_suiriri	1
Contopus_latirostris	1
Anairetes_parulus	1
Anairetes_alpinus	1
Anairetes_flavirostris	1
Pseudocolopteryx_sclateri	1
Pseudocolopteryx_acutipennis	1
Pseudocolopteryx_flaviventris	1
Serpophaga_nigricans	1
Serpophaga_cinerea	1
Serpophaga_subcristata	1
Serpophaga_munda	1
Serpophaga_hypoleuca	1
Polystictus_superciliaris	1
Polystictus_pectoralis	1
Culicivora_caudacuta	1
Mecocerculus_leucophrys	1
Pseudelaenia_leucospodia	1
Phaeomyias_murina	1
Capsiempis_flaveola	1
Phyllomyias_fasciatus	1
Phyllomyias_griseiceps	1
Zimmerius_vilissimus	1
Zimmerius_gracilipes	1
Zimmerius_chrysops	1
Mecocerculus_calopterus	1
Phyllomyias_virescens	1
Ornithion_brunneicapillus	1
Phyllomyias_burmeisteri	1
Camptostoma_imberbe	1
Camptostoma_obsoletum	1
Inezia_caudata	1
Euscarthmus_meloryphus	1
Phyllomyias_sclateri	1
Stigmatura_budytoides	1
Nephelomyias_ochraceiventris	1
Myiotriccus_ornatus	1
Pyrrhomyias_cinnamomeus	1
Platyrinchus_leucoryphus	1
Platyrinchus_mystaceus	1
Platyrinchus_coronatus	1
Corythopis_delalandi	1
Corythopis_torquatus	1
Phylloscartes_ventralis	1
Phylloscartes_sylviolus	1
Mionectes_oleagineus	1
Mionectes_rufiventris	1
Mionectes_macconnelli	1
Mionectes_olivaceus	1
Mionectes_striaticollis	1
Leptopogon_amaurocephalus	1
Poecilotriccus_capitalis	1
Poecilotriccus_sylvia	1
Poecilotriccus_plumbeiceps	1
Todirostrum_cinereum	1
Todirostrum_maculatum	1
Todirostrum_pictum	1
Hemitriccus_nidipendulus	1
Hemitriccus_margaritaceiventer	1
Myiornis_ecaudatus	1
Myiornis_auricularis	1
Lophotriccus_vitiosus	1
Lophotriccus_pileatus	1
Oncostoma_cinereigulare	1
Lophotriccus_galeatus	1
Hemitriccus_diops	1
Cnipodectes_subbrunneus	1
Tolmomyias_sulphurescens	1
Tolmomyias_poliocephalus	1
Tolmomyias_flaviventris	1
Tolmomyias_assimilis	1
Rhynchocyclus_brevirostris	1
Rhynchocyclus_olivaceus	1
Rhynchocyclus_fulvipectus	1
Tachuris_rubrigastra	1
Piprites_chloris	0
Onychorhynchus_coronatus	1
Myiobius_atricaudus	1
Myiobius_barbatus	1
Myiobius_sulphureipygius	1
Terenotriccus_erythrurus	1
Oxyruncus_cristatus	1
Pachyramphus_minor	1
Pachyramphus_homochrous	1
Pachyramphus_aglaiae	1
Pachyramphus_validus	1
Pachyramphus_spodiurus	1
Pachyramphus_rufus	1
Pachyramphus_xanthogenys	1
Pachyramphus_viridis	1
Pachyramphus_versicolor	1
Pachyramphus_major	1
Pachyramphus_polychopterus	1
Pachyramphus_albogriseus	1
Pachyramphus_castaneus	1
Pachyramphus_cinnamomeus	1
Pachyramphus_surinamus	1
Xenopsaris_albinucha	1
Tityra_cayana	0
Tityra_semifasciata	0
Tityra_inquisitor	0
Iodopleura_fusca	1
Iodopleura_isabellae	1
Schiffornis_virescens	0
Schiffornis_turdina	1
Laniocera_hypopyrra	1
Melanopareia_elegans	1
Rhegmatorhina_melanosticta	0
Gymnopithys_rufigula	1
Gymnopithys_leucaspis	1
Gymnopithys_salvini	?
Willisornis_poecilinotus	1
Phlegopsis_nigromaculata	1
Pithys_albifrons	1
Phaenostictus_mcleannani	1
Cercomacra_carbonaria	1
Cercomacra_melanaria	1
Cercomacra_manu	1
Hypocnemis_cantator	1
Hypocnemis_hypoxantha	1
Drymophila_squamata	1
Drymophila_devillei	1
Cercomacra_serva	1
Cercomacra_tyrannina	1
Cercomacra_laeta	1
Myrmeciza_hemimelaena	1
Drymophila_rubricollis	1
Drymophila_ferruginea	1
Schistocichla_leucostigma	1
Myrmeciza_hyperythra	1
Sclateria_naevia	1
Rhopornis_ardesiacus	1
Myrmeciza_longipes	1
Myrmeciza_melanoceps	1
Myrmeciza_goeldii	1
Myrmeciza_fortis	1
Percnostola_rufifrons	1
Pyriglena_leuconota	1
Pyriglena_leucoptera	1
Gymnocichla_nudiceps	1
Myrmoborus_myotherinus	1
Myrmeciza_laemosticta	1
Myrmeciza_exsul	1
Hylophylax_naevioides	1
Hylophylax_naevius	1
Myrmeciza_ferruginea	1
Myrmeciza_squamosa	1
Myrmeciza_loricata	1
Taraba_major	1
Cymbilaimus_lineatus	1
Frederickena_unduligera	1
Frederickena_viridis	1
Batara_cinerea	1
Dichrozona_cincta	1
Megastictus_margaritatus	1
Herpsilochmus_longirostris	1
Dysithamnus_mentalis	1
Dysithamnus_plumbeus	1
Dysithamnus_puncticeps	1
Sakesphorus_canadensis	1
Sakesphorus_luctuosus	1
Thamnophilus_aethiops	1
Thamnophilus_unicolor	1
Thamnophilus_caerulescens	1
Thamnophilus_punctatus	1
Thamnophilus_pelzelni	1
Thamnophilus_ambiguus	1
Thamnophilus_nigrocinereus	1
Thamnophilus_melanonotus	1
Thamnophilus_amazonicus	1
Thamnophilus_schistaceus	1
Thamnophilus_murinus	1
Thamnophilus_bridgesi	1
Thamnophilus_atrinucha	1
Thamnophilus_bernardi	1
Thamnophilus_palliatus	1
Thamnophilus_torquatus	1
Thamnophilus_ruficapillus	1
Thamnophilus_doliatus	1
Thamnomanes_saturninus	1
Thamnomanes_caesius	1
Thamnomanes_schistogynus	1
Myrmotherula_hauxwelli	1
Myrmotherula_brachyura	1
Myrmotherula_ignota	1
Myrmotherula_pacifica	1
Myrmotherula_multostriata	1
Myrmotherula_cherriei	1
Formicivora_grisea	1
Formicivora_rufa	1
Formicivora_melanogaster	1
Myrmotherula_axillaris	1
Myrmotherula_longipennis	1
Myrmotherula_schisticolor	1
Myrmotherula_menetriesii	1
Epinecrophylla_gutturalis	1
Epinecrophylla_erythrura	1
Epinecrophylla_fulviventris	1
Myrmeciza_atrothorax	1
Myrmorchilus_strigilatus	1
Microrhopias_quixensis	1
Thamnistes_anabatinus	1
Pygiptila_stellaris	1
Myrmornis_torquata	1
Conopophaga_aurita	1
Conopophaga_peruviana	1
Pittasoma_michleri	1
Grallaricula_lineifrons	1
Myrmothera_campanisona	1
Myrmothera_simplex	1
Grallaricula_nana	1
Grallaricula_flavirostris	1
Grallaria_ruficapilla	1
Grallaria_ridgelyi	1
Grallaria_andicolus	1
Grallaria_rufula	1
Grallaria_varia	1
Grallaria_guatimalensis	1
Grallaria_squamigera	1
Teledromas_fuscus	0
Rhinocrypta_lanceolata	1
Liosceles_thoracicus	1
Pteroptochos_tarnii	0
Pteroptochos_castaneus	0
Scelorchilus_rubecula	0
Scytalopus_superciliaris	1
Scytalopus_affinis	1
Scytalopus_magellanicus	1
Eugralla_paradoxa	1
Eleoscytalopus_indigoticus	1
Chamaeza_campanisona	0
Chamaeza_nobilis	0
Formicarius_analis	0
Formicarius_nigricapillus	0
Formicarius_colma	1
Sclerurus_mexicanus	0
Sclerurus_scansor	0
Sclerurus_albigularis	0
Sclerurus_guatemalensis	0
Geositta_peruviana	0
Geositta_cunicularia	0
Geositta_tenuirostris	0
Geositta_antarctica	0
Geositta_isabellina	0
Geositta_maritima	0
Geositta_poeciloptera	0
Geositta_punensis	0
Geositta_rufipennis	0
Cinclodes_nigrofumosus	0
Cinclodes_patagonicus	0
Cinclodes_atacamensis	0
Cinclodes_oustaleti	0
Cinclodes_fuscus	0
Upucerthia_validirostris	0
Upucerthia_jelskii	0
Upucerthia_albigula	0
Upucerthia_dumetaria	0
Geocerthia_serrana	0
Phleocryptes_melanops	1
Limnornis_curvirostris	1
Lochmias_nematura	0
Furnarius_cristatus	1
Furnarius_rufus	1
Furnarius_figulus	1
Furnarius_leucopus	1
Tarphonomus_certhioides	?
Pseudocolaptes_boissonneautii	0
Pseudocolaptes_lawrencii	0
Syndactyla_rufosuperciliata	0
Anabacerthia_striaticollis	0
Anabazenops_fuscus	0
Thripadectes_rufobrunneus	0
Thripadectes_flammulatus	0
Thripadectes_ignobilis	0
Automolus_infuscatus	0
Automolus_ochrolaemus	0
Automolus_leucophthalmus	0
Hyloctistes_subulatus	0
Hylocryptus_erythrocephalus	0
Automolus_rubiginosus	0
Anabazenops_dorsalis	0
Synallaxis_albescens	1
Synallaxis_azarae	1
Synallaxis_frontalis	1
Synallaxis_spixi	1
Gyalophylax_hellmayri	1
Synallaxis_stictothorax	1
Schoeniophylax_phryganophilus	1
Certhiaxis_cinnamomeus	1
Synallaxis_candei	1
Synallaxis_erythrothorax	1
Synallaxis_ruficapilla	1
Synallaxis_scutata	1
Siptornopsis_hypochondriaca	1
Synallaxis_cinerascens	1
Synallaxis_cinnamomea	1
Synallaxis_rutilans	1
Pseudasthenes_patagonica	1
Pseudasthenes_steinbachi	1
Cranioleuca_sulphurifera	1
Limnoctites_rectirostris	1
Cranioleuca_marcapatae	1
Cranioleuca_albiceps	1
Cranioleuca_obsoleta	1
Cranioleuca_pyrrhophia	1
Cranioleuca_albicapilla	1
Cranioleuca_erythrops	1
Cranioleuca_demissa	1
Cranioleuca_subcristata	1
Cranioleuca_vulpina	1
Thripophaga_fusciceps	1
Siptornis_striaticollis	1
Acrobatornis_fonsecai	1
Pseudoseisura_gutturalis	1
Xenerpestes_singularis	1
Metopothrix_aurantiaca	1
Cranioleuca_antisiensis	1
Pseudasthenes_cactorum	1
Pseudasthenes_humicola	1
Pseudoseisura_lophotes	1
Spartonoica_maluroides	1
Asthenes_moreirae	1
Asthenes_harterti	1
Asthenes_fuliginosa	1
Asthenes_wyatti	1
Asthenes_sclateri	1
Asthenes_anthoides	1
Asthenes_humilis	1
Asthenes_pyrrholeuca	1
Asthenes_dorbignyi	1
Asthenes_baeri	1
Coryphistera_alaudina	1
Anumbius_annumbi	1
Phacellodomus_striaticeps	1
Phacellodomus_rufifrons	1
Phacellodomus_ruber	1
Phacellodomus_striaticollis	1
Phacellodomus_erythrophthalmus	1
Leptasthenura_fuliginiceps	1
Leptasthenura_aegithaloides	0
Leptasthenura_platensis	0
Sylviorthorhynchus_desmursii	1
Leptasthenura_yanacensis	1
Aphrastura_spinicauda	0
Premnoplex_brunnescens	1
Margarornis_squamiger	1
Ochetorhynchus_andaecola	0
Ochetorhynchus_phoenicurus	0
Ochetorhynchus_ruficaudus	0
Ochetorhynchus_melanurus	0
Pygarrhichas_albogularis	0
Xenops_rutilans	0
Xenops_minutus	0
Glyphorynchus_spirurus	0
Dendrocincla_merula	0
Dendrocincla_turdina	0
Dendrocincla_fuliginosa	0
Dendrocincla_anabatina	0
Dendrocincla_homochroa	0
Deconychura_longicauda	0
Sittasomus_griseicapillus	0
Lepidocolaptes_affinis	0
Lepidocolaptes_lacrymiger	0
Lepidocolaptes_angustirostris	0
Lepidocolaptes_albolineatus	0
Lepidocolaptes_souleyetii	0
Lepidocolaptes_falcinellus	0
Drymornis_bridgesii	0
Campylorhamphus_trochilirostris	0
Campylorhamphus_procurvoides	0
Campylorhamphus_falcularius	0
Dendroplex_picus	0
Xiphorhynchus_spixii	0
Xiphorhynchus_elegans	0
Xiphorhynchus_fuscus	0
Xiphorhynchus_lachrymosus	0
Xiphorhynchus_flavigaster	0
Xiphorhynchus_susurrans	0
Xiphorhynchus_guttatus	0
Xiphorhynchus_erythropygius	0
Xiphorhynchus_obsoletus	0
Nasica_longirostris	0
Dendrexetastes_rufigula	0
Dendrocolaptes_sanctithomae	0
Dendrocolaptes_certhia	0
Dendrocolaptes_picumnus	0
Dendrocolaptes_platyrostris	0
Hylexetastes_perrotii	0
Xiphocolaptes_albicollis	0
Xiphocolaptes_major	0
